prompt_id,position,domain,title,full_link,full_query,full_send_location
what_ncon_local_from:London,1,instagram.com,🇬🇧 6 day trips from London ⬇️ 💬 Comment TRIP and I ...,https://www.instagram.com/reel/DKB9PoQqhaQ/?hl=en,what are some good holidays near me,"London,England,United Kingdom"
what_ncon_local_from:London,2,secretescapes.com,Staycations near London | Luxury travel at low prices,https://www.secretescapes.com/two-hours-from-london/filter?srsltid=AfmBOorwj9xhC5aJRdt16jtOWWZyZTXSGCo-lhzcP6yqH8r__FWadNZY,what are some good holidays near me,"London,England,United Kingdom"
what_ncon_local_from:London,3,thetimes.com,22 of the best weekend breaks from London - The Times,https://www.thetimes.com/travel/destinations/uk-travel/best-weekend-breaks-from-london-fmhzbjl9v,what are some good holidays near me,"London,England,United Kingdom"
what_ncon_local_from:London,4,silverkris.singaporeair.com,7 day trips from London to suit different types of travellers - SilverKris,https://silverkris.singaporeair.com/experience/nature-adventure/day-trips-from-london/,what are some good holidays near me,"London,England,United Kingdom"
what_ncon_local_from:Bristol,1,forestholidays.co.uk,"Nearby Sites \u0026 Attractions in Forest of Dean, Gloucestershire",https://www.forestholidays.co.uk/locations/gloucestershire/forest-of-dean/things-to-do/nearby/,what are some good holidays near me,"Bristol,England,United Kingdom"
what_ncon_local_from:Bristol,2,brabazon.co.uk,10 of the Best Weekend Getaways Within An Hour of Bristol - Brabazon,https://www.brabazon.co.uk/blog/articles/best-weekend-getaways-bristol,what are some good holidays near me,"Bristol,England,United Kingdom"
what_ncon_local_from:Bristol,3,thisbristolbrood.com,52 must-do day trips from Bristol,https://thisbristolbrood.com/day-trips-from-bristol/,what are some good holidays near me,"Bristol,England,United Kingdom"
what_ncon_local_from:Bristol,4,tripadvisor.co.uk,THE 10 BEST Resorts near Bristol Travel - Tripadvisor,https://www.tripadvisor.co.uk/HotelsNear-g186220-d23179898-zff8-Bristol_Travel-Bristol_England.html,what are some good holidays near me,"Bristol,England,United Kingdom"
what_ncon_local_from:Bristol,5,hoseasons.co.uk,Weekend breaks \u0026 short breaks in the UK - Hoseasons,https://www.hoseasons.co.uk/collections/weekend-breaks,what are some good holidays near me,"Bristol,England,United Kingdom"
what_ncon_local_from:Bristol,6,dayoutwiththekids.co.uk,20 Best Things To Do In Bristol Near Me - Day Out With The Kids,https://www.dayoutwiththekids.co.uk/things-to-do/south-west/somerset-and-bristol/bristol,what are some good holidays near me,"Bristol,England,United Kingdom"
what_ncon_local_from:Bristol,7,johansens.com,Best Luxury Hotels with Spas in the South West,https://www.johansens.com/inspiration/the-best-luxury-hotels-with-spas-in-the-south-west/,what are some good holidays near me,"Bristol,England,United Kingdom"
what_ncon_local_from:Bristol,8,dayoutwiththekids.co.uk,Best Tourist Places Near Me: Family-Friendly Attractions Across the UK,https://www.dayoutwiththekids.co.uk/hub/things-to-do/tourist-places-near-me,what are some good holidays near me,"Bristol,England,United Kingdom"
what_ncon_local_from:Bristol,9,welshgames.co.uk,Wye Valley Activities - The Best Activities in the Wye Valley,https://www.welshgames.co.uk/activities/wye-valley/wye-valley-activities/,what are some good holidays near me,"Bristol,England,United Kingdom"
what_ncon_local_from:Cleethorpes,1,tripadvisor.co.uk,THE BEST Family Resorts in Cleethorpes 2026 (Prices),https://www.tripadvisor.co.uk/HotelsList-Cleethorpes-Family_friendly-Resort-zfp16534535.html,what are some good holidays near me,"Cleethorpes,England,United Kingdom"
what_ncon_local_from:Cleethorpes,2,parkdeanresorts.co.uk,Cheap Family Caravan Holidays 2026 from £99 at Parkdean Resorts,https://www.parkdeanresorts.co.uk/offers/cheap-uk-holidays/,what are some good holidays near me,"Cleethorpes,England,United Kingdom"
what_ncon_local_from:Cleethorpes,3,havenfamilyholidays.co.uk,Cleethorpes Beach (Formerly Thorpe Park) - Haven Holidays,https://www.havenfamilyholidays.co.uk/lincolnshire/thorpe-park.html,what are some good holidays near me,"Cleethorpes,England,United Kingdom"
what_ncon_local_from:Cleethorpes,4,ukcaravans4hire.com,Caravan Parks Open All Year,https://www.ukcaravans4hire.com/blog/caravan-parks-open-all-year/,what are some good holidays near me,"Cleethorpes,England,United Kingdom"
what_ncon_local_from:Cleethorpes,5,vrbo.com,Louth Holiday Rentals : Private House Rentals | No Hidden Fees,https://www.vrbo.com/en-gb/holiday-rentals/united-kingdom/england/lincs/east-lindsey-district/louth,what are some good holidays near me,"Cleethorpes,England,United Kingdom"
what_ncon_local_from:Cleethorpes,6,visitlincolnshire.com,Mablethorpe - Visit Lincolnshire,https://www.visitlincolnshire.com/destinations/mablethorpe/,what are some good holidays near me,"Cleethorpes,England,United Kingdom"
what_ncon_local_from:Manchester,1,hoseasons.co.uk,Weekend breaks \u0026 short breaks in the UK - Hoseasons,https://www.hoseasons.co.uk/collections/weekend-breaks,what are some good holidays near me,"Manchester,England,United Kingdom"
what_ncon_local_from:Manchester,2,nationaltrust.org.uk,Top UK holiday destinations - National Trust,https://www.nationaltrust.org.uk/holidays/destinations,what are some good holidays near me,"Manchester,England,United Kingdom"
what_ncon_local_from:Manchester,3,tripadvisor.co.uk,THE 10 BEST Day Trips from Manchester (2026) - Tripadvisor,https://www.tripadvisor.co.uk/Attractions-g187069-Activities-c63-Manchester_Greater_Manchester_England.html,what are some good holidays near me,"Manchester,England,United Kingdom"
what_ncon_local_from:Manchester,4,parentfriendlystays.co.uk,Child and family friendly holidays in the Peak District,https://www.parentfriendlystays.co.uk/category/peak-district/,what are some good holidays near me,"Manchester,England,United Kingdom"
what_ncon_local_from:Manchester,5,tripadvisor.co.uk,THE 10 BEST Things to Do in Manchester (2026) - Tripadvisor,https://www.tripadvisor.co.uk/Attractions-g187069-Activities-Manchester_Greater_Manchester_England.html,what are some good holidays near me,"Manchester,England,United Kingdom"
what_ncon_local_from:Manchester,6,tripadvisor.com,THE 15 BEST Day Trips from Manchester (UPDATED 2026),https://www.tripadvisor.com/Attractions-g187069-Activities-c63-Manchester_Greater_Manchester_England.html,what are some good holidays near me,"Manchester,England,United Kingdom"
what_ncon_local_from:York,1,airbnb.co.uk,"York, United Kingdom Holiday Rentals - Airbnb",https://www.airbnb.co.uk/york-united-kingdom/stays,what are some good holidays near me,"York,England,United Kingdom"
what_ncon_local_from:York,2,visityork.org,Beyond York,https://visityork.org/beyond-york,what are some good holidays near me,"York,England,United Kingdom"
what_ncon_local_from:York,3,tripadvisor.co.uk,THE 10 BEST Day Trips from York (2026) - Tripadvisor,https://www.tripadvisor.co.uk/Attractions-g186346-Activities-c63-York_North_Yorkshire_England.html,what are some good holidays near me,"York,England,United Kingdom"
what_ncon_local_from:York,4,nationaltrust.org.uk,Top UK holiday destinations - National Trust,https://www.nationaltrust.org.uk/holidays/destinations,what are some good holidays near me,"York,England,United Kingdom"
what_ncon_local_from:York,5,tripadvisor.ie,THE 10 BEST Day Trips from York (UPDATED 2026) - Tripadvisor,https://www.tripadvisor.ie/Attractions-g186346-Activities-c63-York_North_Yorkshire_England.html,what are some good holidays near me,"York,England,United Kingdom"
what_ncon_local_from:York,6,wildernessengland.com,15 Beautiful Waterfalls in Northern England,https://wildernessengland.com/blog/waterfalls-northern-england/,what are some good holidays near me,"York,England,United Kingdom"
what_ncon_local_from:York,7,choosewhere.com,A Visitor's Introduction to Northallerton,https://choosewhere.com/northallerton-visitor-guide,what are some good holidays near me,"York,England,United Kingdom"
what_ncon_local_from:Newcastle upon Tyne,1,parkdeanresorts.co.uk,Northumberland \u0026 County Durham Caravan Holiday Parks,https://www.parkdeanresorts.co.uk/location/northumberland-county-durham/,what are some good holidays near me,"Newcastle upon Tyne,England,United Kingdom"
what_ncon_local_from:Newcastle upon Tyne,2,instagram.com,10 day trips within an hour and a half from Newcastle 🌤️🤩 ...,https://www.instagram.com/reel/DNfBlE0IA1W/?hl=en,what are some good holidays near me,"Newcastle upon Tyne,England,United Kingdom"
what_ncon_local_from:Newcastle upon Tyne,3,thisisdurham.com,Things to Do | Attractions \u0026 Activities | This is Durham,https://www.thisisdurham.com/things-to-do,what are some good holidays near me,"Newcastle upon Tyne,England,United Kingdom"
what_ncon_local_from:Newcastle upon Tyne,4,nationaltrust.org.uk,Top UK holiday destinations - National Trust,https://www.nationaltrust.org.uk/holidays/destinations,what are some good holidays near me,"Newcastle upon Tyne,England,United Kingdom"
what_ncon_local_from:Newcastle upon Tyne,5,tripadvisor.co.uk,Things to do in Newcastle upon Tyne - Tripadvisor,https://www.tripadvisor.co.uk/Attractions-g186394-Activities-Newcastle_upon_Tyne_Tyne_and_Wear_England.html,what are some good holidays near me,"Newcastle upon Tyne,England,United Kingdom"
what_ncon_local_from:Newcastle upon Tyne,6,macsadventure.com,Walking Holidays in England,https://www.macsadventure.com/walking-holiday/uk-walking-holiday/england/,what are some good holidays near me,"Newcastle upon Tyne,England,United Kingdom"
what_ncon_local_from:Newcastle upon Tyne,7,ratedconversions.co.uk,UK's Must-See Road Trips: Explore the Beauty,https://ratedconversions.co.uk/the-best-uk-road-trips/,what are some good holidays near me,"Newcastle upon Tyne,England,United Kingdom"
what_ncon_local_from:Edinburgh,1,discoverbritain.com,Edinburgh daytrips: 5 Scottish towns close to the capital,https://www.discoverbritain.com/journey-planning/travel-guide/edinburgh-daytrips/,what are some good holidays near me,"Edinburgh,Scotland,United Kingdom"
what_ncon_local_from:Edinburgh,2,tripadvisor.com,THE 15 BEST Day Trips from Edinburgh (UPDATED 2026),https://www.tripadvisor.com/Attractions-g186525-Activities-c63-Edinburgh_Scotland.html,what are some good holidays near me,"Edinburgh,Scotland,United Kingdom"
what_ncon_local_from:Edinburgh,3,rtwin30days.com,7 Day Trips from Edinburgh that Prove Scotland is Drop Dead ...,https://rtwin30days.com/day-trips-from-edinburgh-scotland/,what are some good holidays near me,"Edinburgh,Scotland,United Kingdom"
what_ncon_local_from:Edinburgh,4,getyourguide.com,7 Best Weekend Getaways From Edinburgh,https://www.getyourguide.com/explorer/edinburgh-ttd44/weekend-trips-from-edinburgh/,what are some good holidays near me,"Edinburgh,Scotland,United Kingdom"
what_ncon_local_from:Edinburgh,5,goboony.co.uk,Best Weekend Trips From Edinburgh - Goboony,https://www.goboony.co.uk/blog/best-weekend-trips-from-edinburgh,what are some good holidays near me,"Edinburgh,Scotland,United Kingdom"
what_ncon_local_from:Edinburgh,6,ourtraveltreats.de,Weekend away in Edinburgh: 10 Best things to do in Scotland's capital,https://ourtraveltreats.de/en/weekend-away-in-edinburgh/,what are some good holidays near me,"Edinburgh,Scotland,United Kingdom"
what_ncon_local_from:Edinburgh,7,cottages-and-castles.co.uk,Guide to the east coast of Scotland - Cottages \u0026 Castles,https://www.cottages-and-castles.co.uk/guides/east-coast-scotland,what are some good holidays near me,"Edinburgh,Scotland,United Kingdom"
what_ncon_local_from:Edinburgh,8,all.accor.com,Visiting the Edinburgh Seaside | Limitless - Accor,https://all.accor.com/a/en/limitless/thematics/beach/edinburgh-seaside.html,what are some good holidays near me,"Edinburgh,Scotland,United Kingdom"
what_ncon_local_from:Edinburgh,9,en-vols.com,Weekend in Edinburgh: our best addresses and activities,https://www.en-vols.com/en/getaways/travel/edinburgh-weekend-best-activities/,what are some good holidays near me,"Edinburgh,Scotland,United Kingdom"
what_ncon_local_from:Edinburgh,10,vrbo.com,Cheap holiday cottages,https://www.vrbo.com/en-gb/holiday-homes/holiday-lettings/cottages/cottage-holidays/inspiration-cottages,what are some good holidays near me,"Edinburgh,Scotland,United Kingdom"
what_ncon_local_from:Inverness,1,tripadvisor.co.uk,THE 10 BEST Day Trips from Inverness (2026) - Tripadvisor,https://www.tripadvisor.co.uk/Attractions-g186543-Activities-c63-Inverness_Scottish_Highlands_Scotland.html,what are some good holidays near me,"Inverness,Scotland,United Kingdom"
what_ncon_local_from:Inverness,2,invernesspalacehotel.co.uk,10 Of The Best Seaside Towns For Your Day Trips From ...,https://www.invernesspalacehotel.co.uk/blog/10-of-the-best-seaside-towns-for-your-day-trips-from-inverness/,what are some good holidays near me,"Inverness,Scotland,United Kingdom"
what_ncon_local_from:Inverness,3,facebook.com,Small town near Inverness ideas - Facebook,https://www.facebook.com/groups/ScotlandTravelGroup/posts/3461473387316628/,what are some good holidays near me,"Inverness,Scotland,United Kingdom"
what_ncon_local_from:Inverness,4,delnyglamping.co.uk,Local Attractions – Delny Glamping,https://www.delnyglamping.co.uk/location/local-attractions/,what are some good holidays near me,"Inverness,Scotland,United Kingdom"
what_ncon_local_from:Glasgow,1,independenttravelcats.com,Things to Do in Loch Lomond \u0026 The Trossachs National Park: A Complete Guide,https://independenttravelcats.com/10-things-to-do-loch-lomond-the-trossachs-national-park-scotland/,what are some good holidays near me,"Glasgow,Scotland,United Kingdom"
what_ncon_local_from:Glasgow,2,yourcamper.co.uk,Campervan Road Trips Two Hours From Glasgow,https://www.yourcamper.co.uk/thehub/campervan-road-trips-two-hours-from-glasgow,what are some good holidays near me,"Glasgow,Scotland,United Kingdom"
what_ncon_local_from:Glasgow,3,travelawaits.com,6 Gorgeous Scenic Drives To Experience In Scotland,https://www.travelawaits.com/2849415/best-scenic-drives-scotland/,what are some good holidays near me,"Glasgow,Scotland,United Kingdom"
what_ncon_local_from:Glasgow,4,visitscotland.com,Short \u0026 Weekend Breaks in Scotland | VisitScotland,https://www.visitscotland.com/places-to-go/weekend-breaks,what are some good holidays near me,"Glasgow,Scotland,United Kingdom"
what_ncon_local_from:Glasgow,5,lodgeholidays.com,Luxury Lodge Holidays,https://www.lodgeholidays.com/luxury/,what are some good holidays near me,"Glasgow,Scotland,United Kingdom"
what_ncon_eng_from:London,1,holidaycottages.co.uk,Top 9 Holiday Destinations In The UK | holidaycottages.co.uk,https://www.holidaycottages.co.uk/blog/top-holiday-destinations-uk,what are some good holidays in england,"London,England,United Kingdom"
what_ncon_eng_from:London,2,thetimes.com,16 of the best UK holidays for families - The Times,https://www.thetimes.com/travel/destinations/uk-travel/best-uk-holiday-destinations-for-families-jjmr73gqv,what are some good holidays in england,"London,England,United Kingdom"
what_ncon_eng_from:London,3,mumsnet.com,Best UK Holidays for Families: Recommended Destinations ...,https://www.mumsnet.com/articles/top-10-uk-holidays,what are some good holidays in england,"London,England,United Kingdom"
what_ncon_eng_from:London,4,instagram.com,✨10 incredible places to visit in England…👇 I will always ...,https://www.instagram.com/reel/DMyGBaBsgSd/?hl=en-gb,what are some good holidays in england,"London,England,United Kingdom"
what_ncon_eng_from:London,5,loveholidays.com,UK Holidays | ATOL Protected 2026/2027 | loveholidays,https://www.loveholidays.com/holidays/united-kingdom-holidays.html,what are some good holidays in england,"London,England,United Kingdom"
what_ncon_eng_from:London,6,visitengland.com,Places to Visit in England \u0026 the UK | VisitEngland,https://www.visitengland.com/places-to-visit,what are some good holidays in england,"London,England,United Kingdom"
what_ncon_eng_from:London,7,groupescapehouses.co.uk,Best UK Group Weekend Destinations | Guide,https://www.groupescapehouses.co.uk/guides/best-uk-destinations-for-large-group-weekends,what are some good holidays in england,"London,England,United Kingdom"
what_ncon_eng_from:London,8,travelodge.co.uk,Weekend Breaks in the UK - Travelodge,https://www.travelodge.co.uk/blog/short-breaks/weekend-breaks/,what are some good holidays in england,"London,England,United Kingdom"
what_ncon_eng_from:London,9,ruralretreats.co.uk,Best Romantic Getaways in the UK for Couples - Rural Retreats,https://www.ruralretreats.co.uk/blog/best-romantic-getaways-in-the-uk-for-couples,what are some good holidays in england,"London,England,United Kingdom"
what_ncon_eng_from:London,10,visitlondon.com,16 best day trips from London,https://www.visitlondon.com/things-to-do/sightseeing/sightseeing-tours/day-trips-from-london/days-out,what are some good holidays in england,"London,England,United Kingdom"
what_ncon_eng_from:London,11,coolplaces.co.uk,Holiday Destinations in the UK,https://www.coolplaces.co.uk/destinations,what are some good holidays in england,"London,England,United Kingdom"
what_ncon_eng_from:London,12,weareglobaltravellers.com,30 Best Places To Visit In The UK - We Are Global Travellers,https://weareglobaltravellers.com/2020/03/places-to-visit-uk/,what are some good holidays in england,"London,England,United Kingdom"
what_ncon_eng_from:London,13,beautifulworld.com,The Most Beautiful Places to See in England Facts \u0026 Information,https://www.beautifulworld.com/travel-blog/the-most-beautiful-places-to-see-in-england/,what are some good holidays in england,"London,England,United Kingdom"
what_ncon_eng_from:London,14,cabinzero.com,British Family Holidays: 12 Spots for Kids and Parents | CABINZERO,https://www.cabinzero.com/blogs/travel-tips/british-family-holidays?srsltid=AfmBOopKpyn89RgWlKmfk1D9-fMUAp3i6aRjED-6p6bbKoPu9Q6Nutof,what are some good holidays in england,"London,England,United Kingdom"
what_ncon_eng_from:London,15,visitbritain.com,UK Holiday Destinations \u0026 Places to Visit | VisitBritain,https://www.visitbritain.com/en/destinations,what are some good holidays in england,"London,England,United Kingdom"
what_ncon_eng_from:London,16,holidaypirates.com,Holidays in the UK: Book your next staycation for 2026/27,https://www.holidaypirates.com/destinations/uk,what are some good holidays in england,"London,England,United Kingdom"
what_ncon_eng_from:London,17,cottages.com,Somerset Short Cottage Breaks \u0026 Weekends Away,https://www.cottages.com/england/somerset/short-breaks,what are some good holidays in england,"London,England,United Kingdom"
what_ncon_eng_from:Bristol,1,coolplaces.co.uk,Holiday Destinations in the UK - Cool Places,https://www.coolplaces.co.uk/destinations,what are some good holidays in england,"Bristol,England,United Kingdom"
what_ncon_eng_from:Bristol,2,nationaltrust.org.uk,Top UK holiday destinations - National Trust,https://www.nationaltrust.org.uk/holidays/destinations,what are some good holidays in england,"Bristol,England,United Kingdom"
what_ncon_eng_from:Bristol,3,lastminute.com,United Kingdom Holidays 2026 / 2027 from £138 - Lastminute.com,https://www.lastminute.com/holidays/gb_united-kingdom,what are some good holidays in england,"Bristol,England,United Kingdom"
what_ncon_eng_from:Bristol,4,luxurycottages.com,UK Holiday Destinations | Luxury Cottages - Official Website,https://luxurycottages.com/destinations/,what are some good holidays in england,"Bristol,England,United Kingdom"
what_ncon_eng_from:Bristol,5,weareglobaltravellers.com,30 Best Places To Visit In The UK - We Are Global Travellers,https://weareglobaltravellers.com/2020/03/places-to-visit-uk/,what are some good holidays in england,"Bristol,England,United Kingdom"
what_ncon_eng_from:Bristol,6,coolstays.com,"Best city breaks UK: Top cities, attractions \u0026 travel guide",https://www.coolstays.com/blog/travel-guides/the-ultimate-guide-to-city-break-stays-in-the-uk/30454,what are some good holidays in england,"Bristol,England,United Kingdom"
what_ncon_eng_from:Bristol,7,holidaycottage.com,Best Cottage Hire Cotswolds: Find Your Perfect Getaway Today,https://holidaycottage.com/best-cottage-hire-cotswolds-perfect-getaway/,what are some good holidays in england,"Bristol,England,United Kingdom"
what_ncon_eng_from:Bristol,8,holidaycottages.co.uk,The Best Places To Stay In The North of England | holidaycottages.co.uk,https://www.holidaycottages.co.uk/blog/best-places-stay-north-of-england,what are some good holidays in england,"Bristol,England,United Kingdom"
what_ncon_eng_from:Bristol,9,globelink.co.uk,Most beautiful places to visit in the UK - Globelink Blog,https://www.globelink.co.uk/articles/travel-information/beautiful-places-to-visit-uk.html,what are some good holidays in england,"Bristol,England,United Kingdom"
what_ncon_eng_from:Bristol,10,inntravel.co.uk,Off the beaten track holidays in the UK,https://www.inntravel.co.uk/destinations/uk,what are some good holidays in england,"Bristol,England,United Kingdom"
what_ncon_eng_from:Bristol,11,bookmundi.com,One Week in England: Unique England 7-day Itinerary Ideas,https://www.bookmundi.com/ng/england-in-a-week-recommended-7-day-itineraries-to-england,what are some good holidays in england,"Bristol,England,United Kingdom"
what_ncon_eng_from:Bristol,12,golfbreaks.com,South West England Golf Breaks (2026/27) | Golf in England,https://www.golfbreaks.com/en-gb/holidays/south-west-england/,what are some good holidays in england,"Bristol,England,United Kingdom"
what_ncon_eng_from:Cleethorpes,1,notintheguidebooks.com,Unique getaways in England England | Not In The GuideBooks,https://www.notintheguidebooks.com/england/,what are some good holidays in england,"Cleethorpes,England,United Kingdom"
what_ncon_eng_from:Cleethorpes,2,lastminute.com,Holidays to United Kingdom 2026/2027 - Lastminute.com,https://www.lastminute.com/holidays/gb_united-kingdom,what are some good holidays in england,"Cleethorpes,England,United Kingdom"
what_ncon_eng_from:Cleethorpes,3,enjoytravel.com,Where do Brits go on holiday in the UK? - Enjoy Travel,https://www.enjoytravel.com/en/travel-news/best-of-british/where-do-brits-holiday-uk,what are some good holidays in england,"Cleethorpes,England,United Kingdom"
what_ncon_eng_from:Cleethorpes,4,thetimes.com,16 of the best UK holidays for families - The Times,https://www.thetimes.com/travel/destinations/uk-travel/best-uk-holiday-destinations-for-families-jjmr73gqv,what are some good holidays in england,"Cleethorpes,England,United Kingdom"
what_ncon_eng_from:Cleethorpes,5,nationaltrust.org.uk,Top UK holiday destinations - National Trust,https://www.nationaltrust.org.uk/holidays/destinations,what are some good holidays in england,"Cleethorpes,England,United Kingdom"
what_ncon_eng_from:Cleethorpes,6,mumsnet.com,Best UK Holidays for Families: Recommended Destinations ...,https://www.mumsnet.com/articles/top-10-uk-holidays,what are some good holidays in england,"Cleethorpes,England,United Kingdom"
what_ncon_eng_from:Cleethorpes,7,instagram.com,✨10 incredible places to visit in England…👇 I will always ...,https://www.instagram.com/reel/DMyGBaBsgSd/?hl=en-gb,what are some good holidays in england,"Cleethorpes,England,United Kingdom"
what_ncon_eng_from:Cleethorpes,8,holidaycottages.co.uk,Top 9 Holiday Destinations In The UK | holidaycottages.co.uk,https://www.holidaycottages.co.uk/blog/top-holiday-destinations-uk,what are some good holidays in england,"Cleethorpes,England,United Kingdom"
what_ncon_eng_from:Cleethorpes,9,oneoffplaces.co.uk,"Unique, Quirky \u0026 Unusual UK Accommodation - One Off Places",https://www.oneoffplaces.co.uk/destinations/england,what are some good holidays in england,"Cleethorpes,England,United Kingdom"
what_ncon_eng_from:Cleethorpes,10,nationalholidays.com,Quick Search,https://www.nationalholidays.com/quick-search,what are some good holidays in england,"Cleethorpes,England,United Kingdom"
what_ncon_eng_from:Cleethorpes,11,cottagesinnorthumberland.co.uk,Where to find peace and quiet in the UK - Cottages in Northumberland,https://www.cottagesinnorthumberland.co.uk/guides/peace-and-quiet-uk,what are some good holidays in england,"Cleethorpes,England,United Kingdom"
what_ncon_eng_from:Cleethorpes,12,bookmundi.com,Summer in England: Weather and Top Destinations,https://www.bookmundi.com/ng/summer-in-england-weather-and-top-destinations,what are some good holidays in england,"Cleethorpes,England,United Kingdom"
what_ncon_eng_from:Cleethorpes,13,watersideholidaygroup.co.uk,Best Family Beach Holidays UK | Waterside,https://watersideholidaygroup.co.uk/blog/best-family-beach-holidays-uk/,what are some good holidays in england,"Cleethorpes,England,United Kingdom"
what_ncon_eng_from:Cleethorpes,14,caravanclub.co.uk,"Things to do in East Anglia | UK Club campsites in Norfolk, Suffolk and Cambridgeshire",https://www.caravanclub.co.uk/uk-holidays/holiday-ideas/things-to-do-east-anglia/,what are some good holidays in england,"Cleethorpes,England,United Kingdom"
what_ncon_eng_from:Manchester,1,lastminute.com,Holidays to United Kingdom 2026/2027 - Lastminute.com,https://www.lastminute.com/holidays/gb_united-kingdom,what are some good holidays in england,"Manchester,England,United Kingdom"
what_ncon_eng_from:Manchester,2,thetimes.com,16 of the best UK holidays for families - The Times,https://www.thetimes.com/travel/destinations/uk-travel/best-uk-holiday-destinations-for-families-jjmr73gqv,what are some good holidays in england,"Manchester,England,United Kingdom"
what_ncon_eng_from:Manchester,3,instagram.com,Tap for some must-visit places ✨ If you're planning a trip to ...,https://www.instagram.com/reel/DW12mEHCMGJ/,what are some good holidays in england,"Manchester,England,United Kingdom"
what_ncon_eng_from:Manchester,4,notintheguidebooks.com,Unique getaways in England England | Not In The GuideBooks,https://www.notintheguidebooks.com/england/,what are some good holidays in england,"Manchester,England,United Kingdom"
what_ncon_eng_from:Manchester,5,mumsnet.com,Best UK Holidays for Families: Recommended Destinations ...,https://www.mumsnet.com/articles/top-10-uk-holidays,what are some good holidays in england,"Manchester,England,United Kingdom"
what_ncon_eng_from:Manchester,6,weareglobaltravellers.com,30 Best Places To Visit In The UK - We Are Global Travellers,https://weareglobaltravellers.com/2020/03/places-to-visit-uk/,what are some good holidays in england,"Manchester,England,United Kingdom"
what_ncon_eng_from:Manchester,7,nationaltrust.org.uk,Top UK holiday destinations - National Trust,https://www.nationaltrust.org.uk/holidays/destinations,what are some good holidays in england,"Manchester,England,United Kingdom"
what_ncon_eng_from:Manchester,8,secretescapes.com,Great British Breaks | Luxury travel at low prices - Secret Escapes,https://www.secretescapes.com/great-british-breaks/filter?srsltid=AfmBOorWzkBchA595D_Xc0ph-IMAEKW-DtU6yEWLV1zxfe5V0ZrcHwjK,what are some good holidays in england,"Manchester,England,United Kingdom"
what_ncon_eng_from:Manchester,9,instagram.com,✨10 incredible places to visit in England…👇 I will always ...,https://www.instagram.com/reel/DMyGBaBsgSd/?hl=en-gb,what are some good holidays in england,"Manchester,England,United Kingdom"
what_ncon_eng_from:Manchester,10,holidaycottages.co.uk,Top 9 Holiday Destinations In The UK | holidaycottages.co.uk,https://www.holidaycottages.co.uk/blog/top-holiday-destinations-uk,what are some good holidays in england,"Manchester,England,United Kingdom"
what_ncon_eng_from:Manchester,11,chimptrips.com,7 excellent Easter breaks in the UK,https://chimptrips.com/easter-breaks-in-the-uk/,what are some good holidays in england,"Manchester,England,United Kingdom"
what_ncon_eng_from:Manchester,12,visitbritain.org,Britain's natural wonders on the silver screen - VisitBritain.org,https://www.visitbritain.org/britains-natural-wonders-silver-screen,what are some good holidays in england,"Manchester,England,United Kingdom"
what_ncon_eng_from:Manchester,13,visitengland.com,Best City Breaks in England | VisitEngland,https://www.visitengland.com/things-to-do/best-city-breaks-england,what are some good holidays in england,"Manchester,England,United Kingdom"
what_ncon_eng_from:Manchester,14,hoseasons.co.uk,UK City Breaks | Price Match Promise* - Hoseasons,https://www.hoseasons.co.uk/collections/city-breaks,what are some good holidays in england,"Manchester,England,United Kingdom"
what_ncon_eng_from:Manchester,15,activitysuperstore.com,10 Unforgettable Romantic UK City Breaks for 2026,https://www.activitysuperstore.com/blog/romantic-city-breaks-uk?srsltid=AfmBOooBYrMvpkTtCway1uYc3HIRdTlaAsEXn_nWbMbK4vJ6tqm1Vk1i,what are some good holidays in england,"Manchester,England,United Kingdom"
what_ncon_eng_from:Manchester,16,st-christophers.co.uk,8 Best City Breaks in Europe For a Long Weekend,https://www.st-christophers.co.uk/travel-blog/best-city-breaks-in-europe-for-long-weekend/,what are some good holidays in england,"Manchester,England,United Kingdom"
what_ncon_eng_from:Manchester,17,kovered.co.uk,Getaways Outside London – KOVERED,https://kovered.co.uk/blogs/escape-the-ordinary/getaways-outside-london?srsltid=AfmBOorpwiXJbt1SBdMh2qhpYxNNANwgbrSbvM3dn-bm6m05KmZ1NQ4C,what are some good holidays in england,"Manchester,England,United Kingdom"
what_ncon_eng_from:York,1,nationaltrust.org.uk,Top UK holiday destinations - National Trust,https://www.nationaltrust.org.uk/holidays/destinations,what are some good holidays in england,"York,England,United Kingdom"
what_ncon_eng_from:York,2,oneoffplaces.co.uk,"Unique, Quirky \u0026 Unusual UK Accommodation - One Off Places",https://www.oneoffplaces.co.uk/destinations/england,what are some good holidays in england,"York,England,United Kingdom"
what_ncon_eng_from:York,3,mumsnet.com,Best UK Holidays for Families: Recommended Destinations ...,https://www.mumsnet.com/articles/top-10-uk-holidays,what are some good holidays in england,"York,England,United Kingdom"
what_ncon_eng_from:York,4,holidaycottages.co.uk,Top 9 Holiday Destinations In The UK | holidaycottages.co.uk,https://www.holidaycottages.co.uk/blog/top-holiday-destinations-uk,what are some good holidays in england,"York,England,United Kingdom"
what_ncon_eng_from:York,5,luxurycottages.com,UK Holiday Destinations | Luxury Cottages - Official Website,https://luxurycottages.com/destinations/,what are some good holidays in england,"York,England,United Kingdom"
what_ncon_eng_from:York,6,lonelyplanet.com,The 18 best places to visit in England - Lonely Planet,https://www.lonelyplanet.com/articles/best-places-to-visit-in-england,what are some good holidays in england,"York,England,United Kingdom"
what_ncon_eng_from:York,7,lastminute.com,United Kingdom Holidays 2026 / 2027 from £138 - Lastminute.com,https://www.lastminute.com/holidays/gb_united-kingdom,what are some good holidays in england,"York,England,United Kingdom"
what_ncon_eng_from:Newcastle upon Tyne,1,nationaltrust.org.uk,Top UK holiday destinations - National Trust,https://www.nationaltrust.org.uk/holidays/destinations,what are some good holidays in england,"Newcastle upon Tyne,England,United Kingdom"
what_ncon_eng_from:Newcastle upon Tyne,2,mumsnet.com,Best UK Holidays for Families: Recommended Destinations ...,https://www.mumsnet.com/articles/top-10-uk-holidays,what are some good holidays in england,"Newcastle upon Tyne,England,United Kingdom"
what_ncon_eng_from:Newcastle upon Tyne,3,holidaypirates.com,Holidays in the UK: Book your next staycation for 2026/27,https://www.holidaypirates.com/destinations/uk,what are some good holidays in england,"Newcastle upon Tyne,England,United Kingdom"
what_ncon_eng_from:Newcastle upon Tyne,4,instagram.com,✨10 incredible places to visit in England…👇 I will always ...,https://www.instagram.com/reel/DMyGBaBsgSd/?hl=en-gb,what are some good holidays in england,"Newcastle upon Tyne,England,United Kingdom"
what_ncon_eng_from:Newcastle upon Tyne,5,aladyinlondon.com,16 Best Weekend Trips in the UK - You Have to See These Places,https://www.aladyinlondon.com/2015/05/best-weekend-trips-uk.html,what are some good holidays in england,"Newcastle upon Tyne,England,United Kingdom"
what_ncon_eng_from:Newcastle upon Tyne,6,coolplaces.co.uk,Holiday Destinations in the UK,https://www.coolplaces.co.uk/destinations,what are some good holidays in england,"Newcastle upon Tyne,England,United Kingdom"
what_ncon_eng_from:Newcastle upon Tyne,7,visitengland.com,Places to Visit in England \u0026 the UK | VisitEngland,https://www.visitengland.com/places-to-visit,what are some good holidays in england,"Newcastle upon Tyne,England,United Kingdom"
what_ncon_eng_from:Newcastle upon Tyne,8,loveholidays.com,UK Holidays | ATOL Protected 2026/2027 | loveholidays,https://www.loveholidays.com/holidays/united-kingdom-holidays.html,what are some good holidays in england,"Newcastle upon Tyne,England,United Kingdom"
what_ncon_eng_from:Newcastle upon Tyne,9,weareglobaltravellers.com,30 Best Places To Visit In The UK - We Are Global Travellers,https://weareglobaltravellers.com/2020/03/places-to-visit-uk/,what are some good holidays in england,"Newcastle upon Tyne,England,United Kingdom"
what_ncon_eng_from:Newcastle upon Tyne,10,internationaltraveller.com,UK Travel Guide - Everything you need to know,https://www.internationaltraveller.com/europe/uk/,what are some good holidays in england,"Newcastle upon Tyne,England,United Kingdom"
what_ncon_eng_from:Newcastle upon Tyne,11,cottages.com,10 of the Best Great British Summer Holiday Hot Spots - Cottages.com,https://www.cottages.com/blog/british-summer-holiday-hotspots,what are some good holidays in england,"Newcastle upon Tyne,England,United Kingdom"
what_ncon_eng_from:Newcastle upon Tyne,12,parkdeanresorts.co.uk,UK's Top Attractions | Cheap and Free Things To Do,https://www.parkdeanresorts.co.uk/discover-more/local-attractions/,what are some good holidays in england,"Newcastle upon Tyne,England,United Kingdom"
what_ncon_eng_from:Newcastle upon Tyne,13,holidaycottages.co.uk,Top 9 Holiday Destinations In The UK | holidaycottages.co.uk,https://www.holidaycottages.co.uk/blog/top-holiday-destinations-uk,what are some good holidays in england,"Newcastle upon Tyne,England,United Kingdom"
what_ncon_eng_from:Newcastle upon Tyne,14,findingtheuniverse.com,Two Weeks in the UK: The Ultimate Road Trip Itinerary (By a Brit Who Grew Up There),https://www.findingtheuniverse.com/two-weeks-in-ukmy-perfect-itinerary/,what are some good holidays in england,"Newcastle upon Tyne,England,United Kingdom"
what_ncon_eng_from:Edinburgh,1,enjoytravel.com,Where do Brits go on holiday in the UK? - Enjoy Travel,https://www.enjoytravel.com/en/travel-news/best-of-british/where-do-brits-holiday-uk,what are some good holidays in england,"Edinburgh,Scotland,United Kingdom"
what_ncon_eng_from:Edinburgh,2,lastminute.com,Holidays to United Kingdom 2026/2027 - Lastminute.com,https://www.lastminute.com/holidays/gb_united-kingdom,what are some good holidays in england,"Edinburgh,Scotland,United Kingdom"
what_ncon_eng_from:Edinburgh,3,nationaltrust.org.uk,Top UK holiday destinations - National Trust,https://www.nationaltrust.org.uk/holidays/destinations,what are some good holidays in england,"Edinburgh,Scotland,United Kingdom"
what_ncon_eng_from:Edinburgh,4,instagram.com,✨10 incredible places to visit in England…👇 I will always ...,https://www.instagram.com/reel/DMyGBaBsgSd/?hl=en-gb,what are some good holidays in england,"Edinburgh,Scotland,United Kingdom"
what_ncon_eng_from:Edinburgh,5,insurancewith.com,Top 5 UK Holiday Destinations - Insurancewith,https://www.insurancewith.com/blog/top-5-uk-holiday-destinations/,what are some good holidays in england,"Edinburgh,Scotland,United Kingdom"
what_ncon_eng_from:Edinburgh,6,nationalrail.co.uk,Top 10 Bucket List locations to visit in Great Britain | National Rail,https://www.nationalrail.co.uk/discover-by-train/places-to-visit-by-train/top-10-british-bucket-list-locations-to-visit-in-your-lifetime/,what are some good holidays in england,"Edinburgh,Scotland,United Kingdom"
what_ncon_eng_from:Edinburgh,7,globelink.co.uk,Most beautiful places to visit in the UK - Globelink Blog,https://www.globelink.co.uk/articles/travel-information/beautiful-places-to-visit-uk.html,what are some good holidays in england,"Edinburgh,Scotland,United Kingdom"
what_ncon_eng_from:Edinburgh,8,backroads.com,The English Lake District: England's Wild Heart - Backroads,https://www.backroads.com/blog/destinations/english-lake-district-englands-wild-heart,what are some good holidays in england,"Edinburgh,Scotland,United Kingdom"
what_ncon_eng_from:Edinburgh,9,hirefleet.co.uk,Top 25 Adventure Holidays UK,https://hirefleet.co.uk/news/top-25-adventure-holidays-uk,what are some good holidays in england,"Edinburgh,Scotland,United Kingdom"
what_ncon_eng_from:Edinburgh,10,campingandcaravanningclub.co.uk,21 Unforgettable UK Bucket List Ideas and Places to Visit,https://www.campingandcaravanningclub.co.uk/advice/discover/uk-bucket-list/,what are some good holidays in england,"Edinburgh,Scotland,United Kingdom"
what_ncon_eng_from:Edinburgh,11,englishuk.com,South West England \u0026 Channel Islands - English UK,https://www.englishuk.com/en/students/where-in-the-uk/south-west-england-channel-islands,what are some good holidays in england,"Edinburgh,Scotland,United Kingdom"
what_ncon_eng_from:Edinburgh,12,bournemouth.co.uk,Explore the South Coast - Bournemouth,https://www.bournemouth.co.uk/explore/south-coast,what are some good holidays in england,"Edinburgh,Scotland,United Kingdom"
what_ncon_eng_from:Inverness,1,nationaltrust.org.uk,Top UK holiday destinations - National Trust,https://www.nationaltrust.org.uk/holidays/destinations,what are some good holidays in england,"Inverness,Scotland,United Kingdom"
what_ncon_eng_from:Inverness,2,oneoffplaces.co.uk,"Unique, Quirky \u0026 Unusual UK Accommodation - One Off Places",https://www.oneoffplaces.co.uk/destinations/england,what are some good holidays in england,"Inverness,Scotland,United Kingdom"
what_ncon_eng_from:Inverness,3,weareglobaltravellers.com,30 Best Places To Visit In The UK - We Are Global Travellers,https://weareglobaltravellers.com/2020/03/places-to-visit-uk/,what are some good holidays in england,"Inverness,Scotland,United Kingdom"
what_ncon_eng_from:Inverness,4,luxurycottages.com,UK Holiday Destinations | Luxury Cottages - Official Website,https://luxurycottages.com/destinations/,what are some good holidays in england,"Inverness,Scotland,United Kingdom"
what_ncon_eng_from:Inverness,5,lonelyplanet.com,The 18 best places to visit in England - Lonely Planet,https://www.lonelyplanet.com/articles/best-places-to-visit-in-england,what are some good holidays in england,"Inverness,Scotland,United Kingdom"
what_ncon_eng_from:Inverness,6,secretescapes.com,Great British Breaks | Luxury travel at low prices - Secret Escapes,https://www.secretescapes.com/great-british-breaks/filter?srsltid=AfmBOopI2W3cr-v4Q0ZeclW8pEBGZveYMyCF1MRBc9xtJv4lXnwrab-s,what are some good holidays in england,"Inverness,Scotland,United Kingdom"
what_ncon_eng_from:Inverness,7,lastminute.com,United Kingdom Holidays 2026 / 2027 from £138 - Lastminute.com,https://www.lastminute.com/holidays/gb_united-kingdom,what are some good holidays in england,"Inverness,Scotland,United Kingdom"
what_ncon_eng_from:Inverness,8,instagram.com,✨10 incredible places to visit in England…👇 I will always ...,https://www.instagram.com/reel/DMyGBaBsgSd/?hl=en-gb,what are some good holidays in england,"Inverness,Scotland,United Kingdom"
what_ncon_eng_from:Glasgow,1,mumsnet.com,Best UK Holidays for Families: Recommended Destinations ...,https://www.mumsnet.com/articles/top-10-uk-holidays,what are some good holidays in england,"Glasgow,Scotland,United Kingdom"
what_ncon_eng_from:Glasgow,2,lastminute.com,Holidays to United Kingdom 2026/2027 - Lastminute.com,https://www.lastminute.com/holidays/gb_united-kingdom,what are some good holidays in england,"Glasgow,Scotland,United Kingdom"
what_ncon_eng_from:Glasgow,3,instagram.com,✨10 incredible places to visit in England…👇 I will always ...,https://www.instagram.com/reel/DMyGBaBsgSd/?hl=en-gb,what are some good holidays in england,"Glasgow,Scotland,United Kingdom"
what_ncon_eng_from:Glasgow,4,nationaltrust.org.uk,Top UK holiday destinations - National Trust,https://www.nationaltrust.org.uk/holidays/destinations,what are some good holidays in england,"Glasgow,Scotland,United Kingdom"
what_ncon_eng_from:Glasgow,5,enjoytravel.com,Where do Brits go on holiday in the UK? - Enjoy Travel,https://www.enjoytravel.com/en/travel-news/best-of-british/where-do-brits-holiday-uk,what are some good holidays in england,"Glasgow,Scotland,United Kingdom"
what_ncon_eng_from:Glasgow,6,instagram.com,Tap for some must-visit places ✨ If you're planning a trip to ...,https://www.instagram.com/reel/DW12mEHCMGJ/,what are some good holidays in england,"Glasgow,Scotland,United Kingdom"
what_ncon_eng_from:Glasgow,7,greatlittlebreaks.com,Short Break Destinations in the UK - Great Little Breaks,https://www.greatlittlebreaks.com/destinations,what are some good holidays in england,"Glasgow,Scotland,United Kingdom"
what_ncon_eng_from:Glasgow,8,sheilaswheels.com,Road Trip Holiday Map of Britain,https://www.sheilaswheels.com/blog/road-trip-map-uk,what are some good holidays in england,"Glasgow,Scotland,United Kingdom"
what_ncon_eng_from:Glasgow,9,holidaycottages.co.uk,The Best Places To Stay In The North of England | holidaycottages.co.uk,https://www.holidaycottages.co.uk/blog/best-places-stay-north-of-england,what are some good holidays in england,"Glasgow,Scotland,United Kingdom"
what_ncon_eng_from:Glasgow,10,greatdays.co.uk,Lakeland Delights - Discover the Scenic Lake District,https://www.greatdays.co.uk/tour/lake-district-delights/,what are some good holidays in england,"Glasgow,Scotland,United Kingdom"
what_ncon_eng_from:Glasgow,11,parkdeanresorts.co.uk,The Best Locations for Stargazing in the UK,https://www.parkdeanresorts.co.uk/discover-more/nature/top-stargazing-spots/,what are some good holidays in england,"Glasgow,Scotland,United Kingdom"
what_ncon_eng_from:Glasgow,12,goway.com,Where to Go Next After London on a Trip to England,https://www.goway.com/inspiration/england-tours-after-london-where-next-part-1,what are some good holidays in england,"Glasgow,Scotland,United Kingdom"
what_ncon_eng_from:Glasgow,13,coraclecoaches.co.uk,Coracle Coaches,https://www.coraclecoaches.co.uk/Tours/Seaside-Breaks,what are some good holidays in england,"Glasgow,Scotland,United Kingdom"
what_ncon_eng_from:Glasgow,14,macsadventure.com,"Cornwall, Devon, Dorset and Somerset Walking Holidays",https://www.macsadventure.com/walking-holiday/uk-walking-holiday/england/cornwall-devon-and-dorset/,what are some good holidays in england,"Glasgow,Scotland,United Kingdom"
what_ncon_eng_from:Glasgow,15,cottages.com,10 of the Best Great British Summer Holiday Hot Spots,https://www.cottages.com/blog/british-summer-holiday-hotspots,what are some good holidays in england,"Glasgow,Scotland,United Kingdom"
what_ncon_eng_from:Glasgow,16,giftsonline4u.com,The Most Loved-Up Places in the UK,https://www.giftsonline4u.com/topics/the-most-loved-up-places-in-the-uk/,what are some good holidays in england,"Glasgow,Scotland,United Kingdom"
what_ncon_eng_from:Glasgow,17,nationaltrust.org.uk,Holiday and country cottages Northumberland,https://www.nationaltrust.org.uk/holidays/northumberland-north-east/cottages,what are some good holidays in england,"Glasgow,Scotland,United Kingdom"
what_ncon_eng_from:Glasgow,18,featherdown.co.uk,Best Places to stargaze in the UK - Feather Down,https://www.featherdown.co.uk/blogs/uk-star-gazing,what are some good holidays in england,"Glasgow,Scotland,United Kingdom"
what_ncon_scot_from:London,1,responsibletravel.com,Scotland holidays \u0026 tours in 2026 \u0026 2027 - Responsible Travel,https://www.responsibletravel.com/holidays/scotland,what are some good holidays in scotland,"London,England,United Kingdom"
what_ncon_scot_from:Bristol,1,visitscotland.com,11 Off-the-Beaten-Track Holiday Destinations in Scotland,https://www.visitscotland.com/places-to-go/hidden-gems,what are some good holidays in scotland,"Bristol,England,United Kingdom"
what_ncon_scot_from:Bristol,2,visitscotland.com,VisitScotland - Scotland's National Tourist Organisation ...,https://www.visitscotland.com/,what are some good holidays in scotland,"Bristol,England,United Kingdom"
what_ncon_scot_from:Bristol,3,lovefromscotland.co.uk,The best places to visit in Scotland: my 5 favourite areas,https://www.lovefromscotland.co.uk/the-best-places-to-visit-in-scotland-2/,what are some good holidays in scotland,"Bristol,England,United Kingdom"
what_ncon_scot_from:Bristol,4,weareglobaltravellers.com,The best places to visit in Scotland - We Are Global Travellers,https://weareglobaltravellers.com/2020/05/best-places-scotland/,what are some good holidays in scotland,"Bristol,England,United Kingdom"
what_ncon_scot_from:Bristol,5,lovefromscotland.co.uk,Best Weekend Breaks in Scotland: 8 Getaways + Where to Stay,https://www.lovefromscotland.co.uk/weekend-breaks-in-scotland/,what are some good holidays in scotland,"Bristol,England,United Kingdom"
what_ncon_scot_from:Bristol,6,responsibletravel.com,Scotland holidays \u0026 tours in 2026 \u0026 2027 - Responsible Travel,https://www.responsibletravel.com/holidays/scotland,what are some good holidays in scotland,"Bristol,England,United Kingdom"
what_ncon_scot_from:Cleethorpes,1,visitscotland.com,VisitScotland - Scotland's National Tourist Organisation ...,https://www.visitscotland.com/,what are some good holidays in scotland,"Cleethorpes,England,United Kingdom"
what_ncon_scot_from:Cleethorpes,2,visitscotland.com,Scottish Highlands - Holidays \u0026 Breaks | VisitScotland,https://www.visitscotland.com/places-to-go/highlands,what are some good holidays in scotland,"Cleethorpes,England,United Kingdom"
what_ncon_scot_from:Cleethorpes,3,lovefromscotland.co.uk,The best places to visit in Scotland: my 5 favourite areas,https://www.lovefromscotland.co.uk/the-best-places-to-visit-in-scotland-2/,what are some good holidays in scotland,"Cleethorpes,England,United Kingdom"
what_ncon_scot_from:Cleethorpes,4,visitscotland.com,11 Off-the-Beaten-Track Holiday Destinations in Scotland,https://www.visitscotland.com/places-to-go/hidden-gems,what are some good holidays in scotland,"Cleethorpes,England,United Kingdom"
what_ncon_scot_from:Cleethorpes,5,theguardian.com,Scotland holidays + Top 10s | The Guardian,https://www.theguardian.com/travel/scotland+top10,what are some good holidays in scotland,"Cleethorpes,England,United Kingdom"
what_ncon_scot_from:Cleethorpes,6,visitscotland.com,Affordable and Budget-Friendly Holidays in Scotland | VisitScotland,https://www.visitscotland.com/things-to-do/cheap-budget,what are some good holidays in scotland,"Cleethorpes,England,United Kingdom"
what_ncon_scot_from:Cleethorpes,7,lovefromscotland.co.uk,Best Weekend Breaks in Scotland: 8 Getaways + Where to Stay,https://www.lovefromscotland.co.uk/weekend-breaks-in-scotland/,what are some good holidays in scotland,"Cleethorpes,England,United Kingdom"
what_ncon_scot_from:Manchester,1,lovefromscotland.co.uk,Best Weekend Breaks in Scotland: 8 Getaways + Where to Stay,https://www.lovefromscotland.co.uk/weekend-breaks-in-scotland/,what are some good holidays in scotland,"Manchester,England,United Kingdom"
what_ncon_scot_from:Manchester,2,coolplaces.co.uk,Holidays in Scotland - Cool Places,https://www.coolplaces.co.uk/places-to-stay/uk/scotland,what are some good holidays in scotland,"Manchester,England,United Kingdom"
what_ncon_scot_from:Manchester,3,responsibletravel.com,Scotland holidays \u0026 tours in 2026 \u0026 2027 - Responsible Travel,https://www.responsibletravel.com/holidays/scotland,what are some good holidays in scotland,"Manchester,England,United Kingdom"
what_ncon_scot_from:Manchester,4,facebook.com,Scotland - 30 must see locations and experiences 🏴\udb40\udc67\udb40\udc62\udb40\udc73\udb40\udc63 ...,https://www.facebook.com/IanGBlackMedia/posts/welcome-to-scotland-30-must-see-locations-and-experiences-scotland-edinburgh-gla/1503374951797463/,what are some good holidays in scotland,"Manchester,England,United Kingdom"
what_ncon_scot_from:Manchester,5,visitscotland.com,Scottish Highlands - Holidays \u0026 Breaks | VisitScotland,https://www.visitscotland.com/places-to-go/highlands,what are some good holidays in scotland,"Manchester,England,United Kingdom"
what_ncon_scot_from:Manchester,6,visitscotland.com,VisitScotland - Scotland's National Tourist Organisation ...,https://www.visitscotland.com/,what are some good holidays in scotland,"Manchester,England,United Kingdom"
what_ncon_scot_from:Manchester,7,visitscotland.com,Glasgow - Short Holidays \u0026 Weekend City Breaks | VisitScotland,https://www.visitscotland.com/places-to-go/glasgow,what are some good holidays in scotland,"Manchester,England,United Kingdom"
what_ncon_scot_from:Manchester,8,travellemming.com,A Local's Guide to Where to Stay in Scotland,https://travellemming.com/where-to-stay-in-scotland/?srsltid=AfmBOooPj44Jf0EvPj2Hv-yHDUUHI2LnOFSj7Hjrb8KrkBMI6JwV7M1H,what are some good holidays in scotland,"Manchester,England,United Kingdom"
what_ncon_scot_from:Manchester,9,wingbeatescapes.com,Best Seafood Shacks in Scotland for a Campervan Road Trip — Wingbeat Escapes,https://www.wingbeatescapes.com/journal/best-seafood-shacks-scotland-campervan-road-trip,what are some good holidays in scotland,"Manchester,England,United Kingdom"
what_ncon_scot_from:Manchester,10,boutique-retreats.co.uk,Luxury Cottages on the West Coast of Scotland | Luxury Self Catering on the West Coast of Scotland,https://boutique-retreats.co.uk/luxury-cottages/western-scotland.html,what are some good holidays in scotland,"Manchester,England,United Kingdom"
what_ncon_scot_from:York,1,theguardian.com,Scotland holidays + Top 10s | The Guardian,https://www.theguardian.com/travel/scotland+top10,what are some good holidays in scotland,"York,England,United Kingdom"
what_ncon_scot_from:York,2,responsibletravel.com,Scotland holidays \u0026 tours in 2026 \u0026 2027 - Responsible Travel,https://www.responsibletravel.com/holidays/scotland,what are some good holidays in scotland,"York,England,United Kingdom"
what_ncon_scot_from:York,3,visitscotland.com,11 Off-the-Beaten-Track Holiday Destinations in Scotland,https://www.visitscotland.com/places-to-go/hidden-gems,what are some good holidays in scotland,"York,England,United Kingdom"
what_ncon_scot_from:York,4,lovefromscotland.co.uk,Best Weekend Breaks in Scotland: 8 Getaways + Where to Stay,https://www.lovefromscotland.co.uk/weekend-breaks-in-scotland/,what are some good holidays in scotland,"York,England,United Kingdom"
what_ncon_scot_from:York,5,visitscotland.com,VisitScotland - Scotland's National Tourist Organisation ...,https://www.visitscotland.com/,what are some good holidays in scotland,"York,England,United Kingdom"
what_ncon_scot_from:York,6,visitscotland.com,Summer Holidays \u0026 Breaks in Scotland | VisitScotland,https://www.visitscotland.com/travel-planning/when-to-visit/summer,what are some good holidays in scotland,"York,England,United Kingdom"
what_ncon_scot_from:York,7,lovefromscotland.co.uk,The best places to visit in Scotland: my 5 favourite areas,https://www.lovefromscotland.co.uk/the-best-places-to-visit-in-scotland-2/,what are some good holidays in scotland,"York,England,United Kingdom"
what_ncon_scot_from:York,8,weareglobaltravellers.com,The best places to visit in Scotland - We Are Global Travellers,https://weareglobaltravellers.com/2020/05/best-places-scotland/,what are some good holidays in scotland,"York,England,United Kingdom"
what_ncon_scot_from:York,9,holidaycottages.co.uk,Scotland Holiday Cottages - holidaycottages.co.uk,https://www.holidaycottages.co.uk/scotland,what are some good holidays in scotland,"York,England,United Kingdom"
what_ncon_scot_from:Newcastle upon Tyne,1,lovefromscotland.co.uk,The best places to visit in Scotland: my 5 favourite areas,https://www.lovefromscotland.co.uk/the-best-places-to-visit-in-scotland-2/,what are some good holidays in scotland,"Newcastle upon Tyne,England,United Kingdom"
what_ncon_scot_from:Newcastle upon Tyne,2,holidaycottages.co.uk,Scotland Holiday Cottages - holidaycottages.co.uk,https://www.holidaycottages.co.uk/scotland,what are some good holidays in scotland,"Newcastle upon Tyne,England,United Kingdom"
what_ncon_scot_from:Newcastle upon Tyne,3,facebook.com,Scotland - 30 must see locations and experiences 🏴\udb40\udc67\udb40\udc62\udb40\udc73\udb40\udc63 ...,https://www.facebook.com/IanGBlackMedia/posts/welcome-to-scotland-30-must-see-locations-and-experiences-scotland-edinburgh-gla/1503374951797463/,what are some good holidays in scotland,"Newcastle upon Tyne,England,United Kingdom"
what_ncon_scot_from:Newcastle upon Tyne,4,cottages-and-castles.co.uk,Top Happiest Holiday Destinations In Scotland,https://www.cottages-and-castles.co.uk/guides/top-holiday-destinations-in-scotland,what are some good holidays in scotland,"Newcastle upon Tyne,England,United Kingdom"
what_ncon_scot_from:Newcastle upon Tyne,5,visitscotland.com,VisitScotland - Scotland's National Tourist Organisation ...,https://www.visitscotland.com/,what are some good holidays in scotland,"Newcastle upon Tyne,England,United Kingdom"
what_ncon_scot_from:Newcastle upon Tyne,6,visitscotland.com,Summer Holidays \u0026 Breaks in Scotland | VisitScotland,https://www.visitscotland.com/travel-planning/when-to-visit/summer,what are some good holidays in scotland,"Newcastle upon Tyne,England,United Kingdom"
what_ncon_scot_from:Newcastle upon Tyne,7,lovefromscotland.co.uk,Best Weekend Breaks in Scotland: 8 Getaways + Where to Stay,https://www.lovefromscotland.co.uk/weekend-breaks-in-scotland/,what are some good holidays in scotland,"Newcastle upon Tyne,England,United Kingdom"
what_ncon_scot_from:Newcastle upon Tyne,8,responsibletravel.com,Scotland holidays \u0026 tours in 2026 \u0026 2027 - Responsible Travel,https://www.responsibletravel.com/holidays/scotland,what are some good holidays in scotland,"Newcastle upon Tyne,England,United Kingdom"
what_ncon_scot_from:Edinburgh,1,youtube.com,Functions of What || What are the uses of WHAT || #grammar #English,https://www.youtube.com/watch?v=ru0vLiMVPjY,what are some good holidays in scotland,"Edinburgh,Scotland,United Kingdom"
what_ncon_scot_from:Edinburgh,2,dictionary.cambridge.org,WHAT | English meaning - Cambridge Essential American,https://dictionary.cambridge.org/dictionary/essential-american-english/what,what are some good holidays in scotland,"Edinburgh,Scotland,United Kingdom"
what_ncon_scot_from:Edinburgh,3,quora.com,What is the meaning of ''what''? - Quora,https://www.quora.com/What-is-the-meaning-of-what-15,what are some good holidays in scotland,"Edinburgh,Scotland,United Kingdom"
what_ncon_scot_from:Edinburgh,4,merriam-webster.com,WHAT Definition & Meaning - Merriam-Webster,https://www.merriam-webster.com/dictionary/what,what are some good holidays in scotland,"Edinburgh,Scotland,United Kingdom"
what_ncon_scot_from:Edinburgh,5,dictionary.cambridge.org,WHAT | English meaning - Cambridge Dictionary,https://dictionary.cambridge.org/dictionary/english/what,what are some good holidays in scotland,"Edinburgh,Scotland,United Kingdom"
what_ncon_scot_from:Edinburgh,6,oxfordonlineenglish.com,IELTS Writing Linking Words and Phrases - Video - OOE,https://www.oxfordonlineenglish.com/ielts-writing-linking-words-phrases,what are some good holidays in scotland,"Edinburgh,Scotland,United Kingdom"
what_ncon_scot_from:Edinburgh,7,abc-englishlevels.com,WHAT A CLOUDBURST! – English Trainer Online,https://abc-englishlevels.com/leccion/what-a-cloudburst/,what are some good holidays in scotland,"Edinburgh,Scotland,United Kingdom"
what_ncon_scot_from:Inverness,1,theguardian.com,Scotland holidays + Top 10s | The Guardian,https://www.theguardian.com/travel/scotland+top10,what are some good holidays in scotland,"Inverness,Scotland,United Kingdom"
what_ncon_scot_from:Inverness,2,lightfoottravel.com,Luxury Holidays to Scotland | Luxury Tours \u0026 Trips,https://www.lightfoottravel.com/europe/united-kingdom/scotland,what are some good holidays in scotland,"Inverness,Scotland,United Kingdom"
what_ncon_scot_from:Inverness,3,coolplaces.co.uk,Holidays in Scotland - Cool Places,https://www.coolplaces.co.uk/places-to-stay/uk/scotland,what are some good holidays in scotland,"Inverness,Scotland,United Kingdom"
what_ncon_scot_from:Inverness,4,cottages.com,10 of the Best Great British Summer Holiday Hot Spots,https://www.cottages.com/blog/british-summer-holiday-hotspots,what are some good holidays in scotland,"Inverness,Scotland,United Kingdom"
what_ncon_scot_from:Inverness,5,emea.marriott.com,Best Road Trips in Scotland - Marriott Bonvoy Traveler - Marriott Bonvoy Traveler,https://www.emea.marriott.com/en/travel-tips/from-scenic-islands-to-historic-cities-scotlands-greatest-road-trips,what are some good holidays in scotland,"Inverness,Scotland,United Kingdom"
what_ncon_scot_from:Inverness,6,scottishtours.co.uk,Scottish Highlands Guide,https://www.scottishtours.co.uk/scotland-places/scottish-highlands-guide/,what are some good holidays in scotland,"Inverness,Scotland,United Kingdom"
what_ncon_scot_from:Inverness,7,uncoverbritain.com,Experience Scotland’s North Coast: Highlands Road Trip Guide,https://www.uncoverbritain.com/uncover-scotland/nc500-road-trip?srsltid=AfmBOopfNUjK6tqo4SEsLxcraD68btW0kwSh4iguIM4XAbUd5G_KQ2Of,what are some good holidays in scotland,"Inverness,Scotland,United Kingdom"
what_ncon_scot_from:Inverness,8,wandersomewhere.com,"The Complete Guide to Inverness, Scotland: For First Time Visitors",https://www.wandersomewhere.com/travel/best-things-to-do-inverness-scotland,what are some good holidays in scotland,"Inverness,Scotland,United Kingdom"
what_ncon_scot_from:Inverness,9,vacationsbyrail.com,The Best of Scotland and Ireland,https://www.vacationsbyrail.com/tours/scotland-and-ireland-by-train/,what are some good holidays in scotland,"Inverness,Scotland,United Kingdom"
what_ncon_scot_from:Inverness,10,dundee.ac.uk,What are the benefits of studying in Scotland?,https://www.dundee.ac.uk/feature/what-are-benefits-studying-scotland,what are some good holidays in scotland,"Inverness,Scotland,United Kingdom"
what_ncon_scot_from:Inverness,11,hometogo.co.uk,Summer Holidays in Scotland - HomeToGo,https://www.hometogo.co.uk/scotland/summer-holidays/,what are some good holidays in scotland,"Inverness,Scotland,United Kingdom"
what_ncon_scot_from:Glasgow,1,visitscotland.com,VisitScotland - Scotland's National Tourist Organisation ...,https://www.visitscotland.com/,what are some good holidays in scotland,"Glasgow,Scotland,United Kingdom"
what_ncon_scot_from:Glasgow,2,responsibletravel.com,Scotland holidays \u0026 tours in 2026 \u0026 2027 - Responsible Travel,https://www.responsibletravel.com/holidays/scotland,what are some good holidays in scotland,"Glasgow,Scotland,United Kingdom"
what_ncon_scot_from:Glasgow,3,visitscotland.com,11 Off-the-Beaten-Track Holiday Destinations in Scotland,https://www.visitscotland.com/places-to-go/hidden-gems,what are some good holidays in scotland,"Glasgow,Scotland,United Kingdom"
what_ncon_scot_from:Glasgow,4,weareglobaltravellers.com,The best places to visit in Scotland - We Are Global Travellers,https://weareglobaltravellers.com/2020/05/best-places-scotland/,what are some good holidays in scotland,"Glasgow,Scotland,United Kingdom"
what_ncon_scot_from:Glasgow,5,cottages-and-castles.co.uk,Top Happiest Holiday Destinations In Scotland,https://www.cottages-and-castles.co.uk/guides/top-holiday-destinations-in-scotland,what are some good holidays in scotland,"Glasgow,Scotland,United Kingdom"
what_ncon_scot_from:Glasgow,6,theguardian.com,Scotland holidays + Top 10s | The Guardian,https://www.theguardian.com/travel/scotland+top10,what are some good holidays in scotland,"Glasgow,Scotland,United Kingdom"
what_ncon_scot_from:Glasgow,7,holidaycottages.co.uk,Scotland Holiday Cottages - holidaycottages.co.uk,https://www.holidaycottages.co.uk/scotland,what are some good holidays in scotland,"Glasgow,Scotland,United Kingdom"
what_ncon_scot_from:Glasgow,8,lovefromscotland.co.uk,Best Weekend Breaks in Scotland: 8 Getaways + Where to Stay,https://www.lovefromscotland.co.uk/weekend-breaks-in-scotland/,what are some good holidays in scotland,"Glasgow,Scotland,United Kingdom"
what_ncon_scot_from:Glasgow,9,visitscotland.com,Affordable and Budget-Friendly Holidays in Scotland | VisitScotland,https://www.visitscotland.com/things-to-do/cheap-budget,what are some good holidays in scotland,"Glasgow,Scotland,United Kingdom"
what_ncon_scot_from:Glasgow,10,visitscotland.com,Hogmanay \u0026 New Year Breaks in Scotland | VisitScotland,https://www.visitscotland.com/things-to-do/events/christmas-winter-festivals/hogmanay,what are some good holidays in scotland,"Glasgow,Scotland,United Kingdom"
what_ncon_scot_from:Glasgow,11,coolplaces.co.uk,Holidays in Scotland - Cool Places,https://www.coolplaces.co.uk/places-to-stay/uk/scotland,what are some good holidays in scotland,"Glasgow,Scotland,United Kingdom"
what_ncon_scot_from:Glasgow,12,haven.com,Family Holidays in Scotland 2026,https://www.haven.com/parks/scotland/holidays/family-holidays,what are some good holidays in scotland,"Glasgow,Scotland,United Kingdom"
what_con_local_from:London,1,secretescapes.com,Staycations near London | Luxury travel at low prices,https://www.secretescapes.com/two-hours-from-london/filter?srsltid=AfmBOooxdAEWrS-9eZcqOGGcUrt7eL1WAqpQ83kw9fRdzH24YM_-Ad8o,"i'm looking to book a holiday somewhere near me, what are some good options","London,England,United Kingdom"
what_con_local_from:London,2,aladyinlondon.com,Lady's 7 Weekend Getaways from London,https://www.aladyinlondon.com/2016/10/weekend-getaways-london.html,"i'm looking to book a holiday somewhere near me, what are some good options","London,England,United Kingdom"
what_con_local_from:London,3,aladyinlondon.com,16 Best Weekend Trips in the UK - You Have to See These Places,https://www.aladyinlondon.com/2015/05/best-weekend-trips-uk.html,"i'm looking to book a holiday somewhere near me, what are some good options","London,England,United Kingdom"
what_con_local_from:London,4,coolplaces.co.uk,Weekend escapes from London - UK weekend breaks,https://www.coolplaces.co.uk/places-to-stay/london/weekend-escapes-from-london,"i'm looking to book a holiday somewhere near me, what are some good options","London,England,United Kingdom"
what_con_local_from:London,5,goway.com,Essential London \u0026 Wales | London Vacations,https://www.goway.com/destinations/europe/england/trips/discover-london-and-wales,"i'm looking to book a holiday somewhere near me, what are some good options","London,England,United Kingdom"
what_con_local_from:London,6,cntraveller.com,60 best beaches in the UK to enjoy the beauty this island has on offer,https://www.cntraveller.com/gallery/best-beaches-in-uk,"i'm looking to book a holiday somewhere near me, what are some good options","London,England,United Kingdom"
what_con_local_from:Bristol,1,brabazon.co.uk,Days Out from Bristol: Best Trips Within an Hour of Brabazon,https://www.brabazon.co.uk/blog/articles/best-day-trips-from-bristol,"i'm looking to book a holiday somewhere near me, what are some good options","Bristol,England,United Kingdom"
what_con_local_from:Bristol,2,voyage-prive.co.uk,Last minute holidays to Bristol,https://www.voyage-prive.co.uk/offers/last-minute-holidays-bristol,"i'm looking to book a holiday somewhere near me, what are some good options","Bristol,England,United Kingdom"
what_con_local_from:Bristol,3,bookretreats.com,The Best 10 Weekend Getaways in Glastonbury in 2025,https://bookretreats.com/t/getaways/weekend-getaways-glastonbury,"i'm looking to book a holiday somewhere near me, what are some good options","Bristol,England,United Kingdom"
what_con_local_from:Bristol,4,expedia.co.uk,"The Best Hotels in Bath City Centre, Bath - 2026 Updated Prices",https://www.expedia.co.uk/Bath-City-Centre-Bath-Hotels.0-n553248635810422890-0.Travel-Guide-Filter-Hotels,"i'm looking to book a holiday somewhere near me, what are some good options","Bristol,England,United Kingdom"
what_con_local_from:Bristol,5,thequeensberry.co.uk,Weekend Breaks In Bath | Luxury City Break Hotel | The Queensberry,https://www.thequeensberry.co.uk/weekend-breaks-in-bath/,"i'm looking to book a holiday somewhere near me, what are some good options","Bristol,England,United Kingdom"
what_con_local_from:Bristol,6,reddit.com,Are there any good websites for finding cheap holidays ...,https://www.reddit.com/r/AskUK/comments/1iqqlno/are_there_any_good_websites_for_finding_cheap/,"i'm looking to book a holiday somewhere near me, what are some good options","Bristol,England,United Kingdom"
what_con_local_from:Bristol,7,holidaypirates.com,All-inclusive holidays: All-inclusive deals for 2026/27,https://www.holidaypirates.com/holidays/all-inclusive,"i'm looking to book a holiday somewhere near me, what are some good options","Bristol,England,United Kingdom"
what_con_local_from:Bristol,8,onthebeach.co.uk,Weekend Breaks 2026 / 2027 | Onthebeach.co.uk,https://www.onthebeach.co.uk/holidays/weekend-breaks,"i'm looking to book a holiday somewhere near me, what are some good options","Bristol,England,United Kingdom"
what_con_local_from:Cleethorpes,1,onthebeach.co.uk,Cheap Holidays 2026 / 2027 from £99 | ATOL Protected,https://www.onthebeach.co.uk/holidays/cheap,"i'm looking to book a holiday somewhere near me, what are some good options","Cleethorpes,England,United Kingdom"
what_con_local_from:Cleethorpes,2,airbnb.co.uk,"Cleethorpes, United Kingdom Holiday Rentals - Airbnb",https://www.airbnb.co.uk/cleethorpes-united-kingdom/stays,"i'm looking to book a holiday somewhere near me, what are some good options","Cleethorpes,England,United Kingdom"
what_con_local_from:Cleethorpes,3,reddit.com,Are there any good websites for finding cheap holidays ...,https://www.reddit.com/r/AskUK/comments/1iqqlno/are_there_any_good_websites_for_finding_cheap/,"i'm looking to book a holiday somewhere near me, what are some good options","Cleethorpes,England,United Kingdom"
what_con_local_from:Cleethorpes,4,booking.com,The best self catering accommodation in Cleethorpes - Booking.com,https://www.booking.com/self-catering/city/gb/cleethorpes.en-gb.html,"i'm looking to book a holiday somewhere near me, what are some good options","Cleethorpes,England,United Kingdom"
what_con_local_from:Cleethorpes,5,tripadvisor.co.uk,The Best Last Minute Hotels in Cleethorpes 2026 - Tripadvisor,https://www.tripadvisor.co.uk/LastMinute-g503974-Cleethorpes_Lincolnshire_England-Hotels.html,"i'm looking to book a holiday somewhere near me, what are some good options","Cleethorpes,England,United Kingdom"
what_con_local_from:Cleethorpes,6,lodgeholidays.com,Lodge Holidays with Hot Tubs | 1000s of lodges on offer,https://www.lodgeholidays.com/hot-tub/,"i'm looking to book a holiday somewhere near me, what are some good options","Cleethorpes,England,United Kingdom"
what_con_local_from:Manchester,1,visitpeakdistrict.com,Where to Stay - Visit Peak District \u0026 Derbyshire,https://visitpeakdistrict.com/business-directory/category/where-to-stay,"i'm looking to book a holiday somewhere near me, what are some good options","Manchester,England,United Kingdom"
what_con_local_from:Manchester,2,coolplaces.co.uk,Best Weekend Escapes from Manchester - Cool Places,https://www.coolplaces.co.uk/places-to-stay/uk/england/weekend-escapes-from-manchester,"i'm looking to book a holiday somewhere near me, what are some good options","Manchester,England,United Kingdom"
what_con_local_from:Manchester,3,greatlittlebreaks.com,Cheap City \u0026 Weekend Breaks in the UK | Best Short Break ...,https://www.greatlittlebreaks.com/,"i'm looking to book a holiday somewhere near me, what are some good options","Manchester,England,United Kingdom"
what_con_local_from:Manchester,4,tripadvisor.co.uk,Suggestions please- 6 days Manchester \u0026 around - Tripadvisor,https://www.tripadvisor.co.uk/ShowTopic-g187069-i236-k14957207-Suggestions_please_6_days_Manchester_around-Manchester_Greater_Manchester_England.html,"i'm looking to book a holiday somewhere near me, what are some good options","Manchester,England,United Kingdom"
what_con_local_from:Manchester,5,lastminute-cottages.co.uk,Cheap Weekend Breaks Under £100 ... - Last Minute Cottages,https://www.lastminute-cottages.co.uk/cheap-weekend-breaks-under-100,"i'm looking to book a holiday somewhere near me, what are some good options","Manchester,England,United Kingdom"
what_con_local_from:Manchester,6,hometogo.co.uk,Where to stay for a weekend break in North Wales,https://www.hometogo.co.uk/north-wales/city-breaks/,"i'm looking to book a holiday somewhere near me, what are some good options","Manchester,England,United Kingdom"
what_con_local_from:Manchester,7,luxurystudenthomes.co.uk,10 Day Trips from Liverpool (Cheap \u0026 Student-Friendly),https://www.luxurystudenthomes.co.uk/day-trips-from-liverpool/,"i'm looking to book a holiday somewhere near me, what are some good options","Manchester,England,United Kingdom"
what_con_local_from:Manchester,8,gonorthwales.co.uk,Explore North Wales Regions,https://www.gonorthwales.co.uk/explore/regions,"i'm looking to book a holiday somewhere near me, what are some good options","Manchester,England,United Kingdom"
what_con_local_from:Manchester,9,sykescottages.co.uk,Lodges in North Wales | Sykes Holiday Cottages,https://www.sykescottages.co.uk/north-wales-lodges.html,"i'm looking to book a holiday somewhere near me, what are some good options","Manchester,England,United Kingdom"
what_con_local_from:Manchester,10,tripsavvy.com,One Week in England: The Perfect Itinerary,https://www.tripsavvy.com/one-week-itinerary-in-england-5188813,"i'm looking to book a holiday somewhere near me, what are some good options","Manchester,England,United Kingdom"
what_con_local_from:Manchester,11,theunionmmu.org,Days out in and around Manchester via public transport ...,https://www.theunionmmu.org/articles/days-out-in-and-around-manchester-via-public-transport,"i'm looking to book a holiday somewhere near me, what are some good options","Manchester,England,United Kingdom"
what_con_local_from:Manchester,12,holidayautos.com,Car hire Manchester |United Kingdom,https://www.holidayautos.com/en/loc/car-hire/uk/manchester,"i'm looking to book a holiday somewhere near me, what are some good options","Manchester,England,United Kingdom"
what_con_local_from:York,1,premierinn.com,Weekend breaks in York | Short Breaks in York | Premier Inn,https://www.premierinn.com/gb/en/hotels/england/north-yorkshire/weekend-breaks-in-york.html,"i'm looking to book a holiday somewhere near me, what are some good options","York,England,United Kingdom"
what_con_local_from:York,2,reddit.com,Best UK websites for searching for Holidays : r/CasualUK,https://www.reddit.com/r/CasualUK/comments/1dhqolg/best_uk_websites_for_searching_for_holidays/,"i'm looking to book a holiday somewhere near me, what are some good options","York,England,United Kingdom"
what_con_local_from:York,3,facebook.com,What are affordable places to stay in York for the weekend?,https://www.facebook.com/groups/thingstodoinyork/posts/36087057940942739/,"i'm looking to book a holiday somewhere near me, what are some good options","York,England,United Kingdom"
what_con_local_from:York,4,skills.co.uk,Scarborough \u0026 the Yorkshire Coast,https://www.skills.co.uk/Tour/Scarborough-the-Yorkshire-Coast-25,"i'm looking to book a holiday somewhere near me, what are some good options","York,England,United Kingdom"
what_con_local_from:York,5,myhotelbreak.com,Hotels in York - Explore Last Minute Deals,https://www.myhotelbreak.com/hotels-in-york,"i'm looking to book a holiday somewhere near me, what are some good options","York,England,United Kingdom"
what_con_local_from:York,6,visitbritain.com,York Attractions \u0026 Places to Visit | VisitBritain,https://www.visitbritain.com/en/destinations/england/york,"i'm looking to book a holiday somewhere near me, what are some good options","York,England,United Kingdom"
what_con_local_from:York,7,eventsofthenorth.com,Best outdoor activities in the North East for an active summer – Events of the North,https://eventsofthenorth.com/2025/06/20/best-outdoor-activities-in-the-north-east-for-an-active-summer/,"i'm looking to book a holiday somewhere near me, what are some good options","York,England,United Kingdom"
what_con_local_from:Newcastle upon Tyne,1,instagram.com,10 day trips within an hour and a half from Newcastle 🌤️🤩 ...,https://www.instagram.com/reel/DNfBlE0IA1W/?hl=en,"i'm looking to book a holiday somewhere near me, what are some good options","Newcastle upon Tyne,England,United Kingdom"
what_con_local_from:Newcastle upon Tyne,2,facebook.com,Looking for an accessible England getaway? 🧳✨ Pippa's ...,https://www.facebook.com/EnjoyEngland/videos/looking-for-an-accessible-england-getaway-pippas-here-to-show-us-how-the-northum/729172936164372/,"i'm looking to book a holiday somewhere near me, what are some good options","Newcastle upon Tyne,England,United Kingdom"
what_con_local_from:Newcastle upon Tyne,3,getthegoss.co.uk,Weekend Getaways Near Newcastle upon Tyne \u0026 How to Pack Light,https://getthegoss.co.uk/weekend-getaways-near-newcastle-upon-tyne-how-to-pack-light/,"i'm looking to book a holiday somewhere near me, what are some good options","Newcastle upon Tyne,England,United Kingdom"
what_con_local_from:Newcastle upon Tyne,4,onthebeach.co.uk,Holidays from Newcastle Airport - On The Beach,https://www.onthebeach.co.uk/holidays/from-newcastle,"i'm looking to book a holiday somewhere near me, what are some good options","Newcastle upon Tyne,England,United Kingdom"
what_con_local_from:Newcastle upon Tyne,5,lastminute.com,City breaks from Newcastle - Lastminute.com,https://www.lastminute.com/city-breaks/regional-departures/from-newcastle,"i'm looking to book a holiday somewhere near me, what are some good options","Newcastle upon Tyne,England,United Kingdom"
what_con_local_from:Newcastle upon Tyne,6,haystravel.co.uk,Hays Travel: Secure Holidays 2026 / 2027,https://www.haystravel.co.uk/,"i'm looking to book a holiday somewhere near me, what are some good options","Newcastle upon Tyne,England,United Kingdom"
what_con_local_from:Newcastle upon Tyne,7,moneysavingexpert.com,How to find a cheap package holiday - Money Saving Expert,https://www.moneysavingexpert.com/travel/cheap-holiday-haggling-guide/,"i'm looking to book a holiday somewhere near me, what are some good options","Newcastle upon Tyne,England,United Kingdom"
what_con_local_from:Newcastle upon Tyne,8,reddit.com,Best UK websites for searching for Holidays : r/CasualUK,https://www.reddit.com/r/CasualUK/comments/1dhqolg/best_uk_websites_for_searching_for_holidays/,"i'm looking to book a holiday somewhere near me, what are some good options","Newcastle upon Tyne,England,United Kingdom"
what_con_local_from:Newcastle upon Tyne,9,holidayautos.com,Car hire Newcastle | United Kingdom,https://www.holidayautos.com/en-us/loc/car-rental/uk/newcastle,"i'm looking to book a holiday somewhere near me, what are some good options","Newcastle upon Tyne,England,United Kingdom"
what_con_local_from:Newcastle upon Tyne,10,lovetravellingblog.com,Tyne and Wear – Love Travelling Blog,https://lovetravellingblog.com/category/united-kingdom/north-east/tyne-and-wear/,"i'm looking to book a holiday somewhere near me, what are some good options","Newcastle upon Tyne,England,United Kingdom"
what_con_local_from:Newcastle upon Tyne,11,visitengland.com,Places to Visit in England \u0026 the UK | VisitEngland,https://www.visitengland.com/places-to-visit,"i'm looking to book a holiday somewhere near me, what are some good options","Newcastle upon Tyne,England,United Kingdom"
what_con_local_from:Newcastle upon Tyne,12,thechequersbath.com,Best UK Summer Holiday Destinations for 2026,https://www.thechequersbath.com/best-uk-summer-holiday-destinations/,"i'm looking to book a holiday somewhere near me, what are some good options","Newcastle upon Tyne,England,United Kingdom"
what_con_local_from:Newcastle upon Tyne,13,haystravel.co.uk,Holidays from Newcastle Airport,https://www.haystravel.co.uk/airports/newcastle/,"i'm looking to book a holiday somewhere near me, what are some good options","Newcastle upon Tyne,England,United Kingdom"
what_con_local_from:Newcastle upon Tyne,14,ulookubook.com,Low Cost Holidays Departing from Newcastle Airport,https://www.ulookubook.com/newcastle-airport-ncl,"i'm looking to book a holiday somewhere near me, what are some good options","Newcastle upon Tyne,England,United Kingdom"
what_con_local_from:Newcastle upon Tyne,15,onthebeach.co.uk,Package Holiday Deals 2026 / 2027 from £99 | Low £19pp Deposits,https://www.onthebeach.co.uk/holidays/holiday-packages,"i'm looking to book a holiday somewhere near me, what are some good options","Newcastle upon Tyne,England,United Kingdom"
what_con_local_from:Newcastle upon Tyne,16,onthebeach.co.uk,Spain Holidays 2026 / 2027 | £19pp Deposits | ATOL Protected,https://www.onthebeach.co.uk/destinations/spain,"i'm looking to book a holiday somewhere near me, what are some good options","Newcastle upon Tyne,England,United Kingdom"
what_con_local_from:Newcastle upon Tyne,17,wowcher.co.uk,Tour holidays,https://www.wowcher.co.uk/buy/tour-holidays,"i'm looking to book a holiday somewhere near me, what are some good options","Newcastle upon Tyne,England,United Kingdom"
what_con_local_from:Edinburgh,1,no12hotelandbistro.co.uk,Home - No. 12 Hotel and Bistro - North Berwick,https://no12hotelandbistro.co.uk/,"i'm looking to book a holiday somewhere near me, what are some good options","Edinburgh,Scotland,United Kingdom"
what_con_local_from:Edinburgh,2,tripadvisor.co.uk,A nice place to stay outside but close to Edinburgh city,https://www.tripadvisor.co.uk/ShowTopic-g186525-i108-k14541887-A_nice_place_to_stay_outside_but_close_to_Edinburgh_city-Edinburgh_Scotland.html,"i'm looking to book a holiday somewhere near me, what are some good options","Edinburgh,Scotland,United Kingdom"
what_con_local_from:Edinburgh,3,google.com,Fairmont St Andrews - Scotland,https://www.google.com/searchviewer/10?svid=CAwSGRIXCgNwdnESEENnb3ZiUzh3WjNaMlpGOTUYCg,"i'm looking to book a holiday somewhere near me, what are some good options","Edinburgh,Scotland,United Kingdom"
what_con_local_from:Edinburgh,4,google.com,Marine North Berwick,https://www.google.com/searchviewer/10?svid=CAwSGxIZCgNwdnESEkNnc3ZaeTh4ZEdwM2FEbDROdxgK,"i'm looking to book a holiday somewhere near me, what are some good options","Edinburgh,Scotland,United Kingdom"
what_con_local_from:Edinburgh,5,laterooms.com,Last-minute hotel deals in St. Andrews - LateRooms,https://www.laterooms.com/hotels/st-andrews-c2825/,"i'm looking to book a holiday somewhere near me, what are some good options","Edinburgh,Scotland,United Kingdom"
what_con_local_from:Edinburgh,6,booking.com,"10 Best St. Andrews Hotels, United Kingdom (From £205)",https://www.booking.com/city/gb/saint-andrews.en-gb.html,"i'm looking to book a holiday somewhere near me, what are some good options","Edinburgh,Scotland,United Kingdom"
what_con_local_from:Edinburgh,7,expedia.co.uk,Find hotels in North Berwick from £56 - Expedia,https://www.expedia.co.uk/North-Berwick-Hotels.d4219.Travel-Guide-Hotels,"i'm looking to book a holiday somewhere near me, what are some good options","Edinburgh,Scotland,United Kingdom"
what_con_local_from:Edinburgh,8,trivago.co.uk,"Hotels in North Berwick (Scotland, United Kingdom) - Trivago",https://www.trivago.co.uk/en-GB/odr/hotels-north-berwick-united-kingdom?search=200-20625,"i'm looking to book a holiday somewhere near me, what are some good options","Edinburgh,Scotland,United Kingdom"
what_con_local_from:Edinburgh,9,uk.hotels.com,"The Best Hotels in North Berwick, Scotland | Accommodation for 2026",https://uk.hotels.com/de556638/hotels-north-berwick-united-kingdom/,"i'm looking to book a holiday somewhere near me, what are some good options","Edinburgh,Scotland,United Kingdom"
what_con_local_from:Inverness,1,reddit.com,"Where do you guys book your holidays, where do you go and ...",https://www.reddit.com/r/AskUK/comments/1qghncv/where_do_you_guys_book_your_holidays_where_do_you/,"i'm looking to book a holiday somewhere near me, what are some good options","Inverness,Scotland,United Kingdom"
what_con_local_from:Inverness,2,sixt.co.uk,Best Day Trips from Inverness - Sixt Car Hire Magazine,https://www.sixt.co.uk/magazine/travel/day-trips-inverness/,"i'm looking to book a holiday somewhere near me, what are some good options","Inverness,Scotland,United Kingdom"
what_con_local_from:Inverness,3,visitscotland.com,"Inverness - Holidays, Breaks \u0026 Travel | VisitScotland",https://www.visitscotland.com/places-to-go/inverness,"i'm looking to book a holiday somewhere near me, what are some good options","Inverness,Scotland,United Kingdom"
what_con_local_from:Inverness,4,booking.com,"10 Best Inverness Hotels, United Kingdom (From £124)",https://www.booking.com/city/gb/inverness.en-gb.html,"i'm looking to book a holiday somewhere near me, what are some good options","Inverness,Scotland,United Kingdom"
what_con_local_from:Inverness,5,booking.com,"10 Best Nairn Hotels, United Kingdom (From £79)",https://www.booking.com/city/gb/nairn-aireborough.en-gb.html,"i'm looking to book a holiday somewhere near me, what are some good options","Inverness,Scotland,United Kingdom"
what_con_local_from:Inverness,6,wowscotlandtours.com,Where to stay in Inverness | WOW Scotland's Guide,https://www.wowscotlandtours.com/blog/inverness-accommodation/,"i'm looking to book a holiday somewhere near me, what are some good options","Inverness,Scotland,United Kingdom"
what_con_local_from:Inverness,7,reddit.com,Best UK websites for searching for Holidays : r/CasualUK - Reddit,https://www.reddit.com/r/CasualUK/comments/1dhqolg/best_uk_websites_for_searching_for_holidays/,"i'm looking to book a holiday somewhere near me, what are some good options","Inverness,Scotland,United Kingdom"
what_con_local_from:Glasgow,1,lastminute.com,City breaks from Glasgow | Departures from Glasgow | lastminute.com,https://www.lastminute.com/city-breaks/regional-departures/from-glasgow,"i'm looking to book a holiday somewhere near me, what are some good options","Glasgow,Scotland,United Kingdom"
what_con_local_from:Glasgow,2,goboony.com,5 Best Weekend Breaks Near Glasgow,https://www.goboony.com/blog/5-best-weekend-breaks-near-glasgow,"i'm looking to book a holiday somewhere near me, what are some good options","Glasgow,Scotland,United Kingdom"
what_con_eng_from:London,1,reddit.com,Best UK websites for searching for Holidays : r/CasualUK,https://www.reddit.com/r/CasualUK/comments/1dhqolg/best_uk_websites_for_searching_for_holidays/,"i'm looking to book a holiday in england, what are some good options","London,England,United Kingdom"
what_con_eng_from:London,2,visitbritain.com,UK Holiday Destinations \u0026 Places to Visit | VisitBritain,https://www.visitbritain.com/en/destinations,"i'm looking to book a holiday in england, what are some good options","London,England,United Kingdom"
what_con_eng_from:London,3,telegraph.co.uk,The 15 best day trips from London,https://www.telegraph.co.uk/travel/activity-and-adventure/best-day-trips-from-london/,"i'm looking to book a holiday in england, what are some good options","London,England,United Kingdom"
what_con_eng_from:London,4,londonperfect.com,The Best Day Trips from London,https://www.londonperfect.com/blog/2018/06/best-day-trips-from-london/,"i'm looking to book a holiday in england, what are some good options","London,England,United Kingdom"
what_con_eng_from:London,5,lastminute.com,United Kingdom Holidays 2026 / 2027 from £140 - Lastminute.com,https://www.lastminute.com/holidays/gb_united-kingdom,"i'm looking to book a holiday in england, what are some good options","London,England,United Kingdom"
what_con_eng_from:London,6,travelodge.co.uk,Beach Breaks in the UK - Travelodge,https://www.travelodge.co.uk/blog/short-breaks/beach-breaks/,"i'm looking to book a holiday in england, what are some good options","London,England,United Kingdom"
what_con_eng_from:London,7,sykescottages.co.uk,Romantic Weekend Breaks in the UK | Sykes Holiday Cottages,https://www.sykescottages.co.uk/romantic-weekend-breaks-uk.html,"i'm looking to book a holiday in england, what are some good options","London,England,United Kingdom"
what_con_eng_from:London,8,vrbo.com,Top 10 beach destinations — best beachfront places to stay,https://www.vrbo.com/en-gb/holiday-homes/destination-type/beach/top-10-beach-destinations,"i'm looking to book a holiday in england, what are some good options","London,England,United Kingdom"
what_con_eng_from:London,9,nationaltrust.org.uk,Top UK holiday destinations - National Trust,https://www.nationaltrust.org.uk/holidays/destinations,"i'm looking to book a holiday in england, what are some good options","London,England,United Kingdom"
what_con_eng_from:Bristol,1,nationaltrust.org.uk,Top UK holiday destinations - National Trust,https://www.nationaltrust.org.uk/holidays/destinations,"i'm looking to book a holiday in england, what are some good options","Bristol,England,United Kingdom"
what_con_eng_from:Bristol,2,tessaholly.com,How to Plan the Best Staycation for a Cheap UK Holiday,https://www.tessaholly.com/how-to-plan-the-best-staycation-for-a-cheap-uk-holiday/,"i'm looking to book a holiday in england, what are some good options","Bristol,England,United Kingdom"
what_con_eng_from:Bristol,3,instagram.com,✨10 incredible places to visit in England…👇 There are so ...,https://www.instagram.com/reel/DYC86ixMfog/,"i'm looking to book a holiday in england, what are some good options","Bristol,England,United Kingdom"
what_con_eng_from:Bristol,4,awayresorts.co.uk,The 10 best holiday destinations in the UK - Away Resorts,https://www.awayresorts.co.uk/discover/travel-tips/best-holiday-destinations-uk/,"i'm looking to book a holiday in england, what are some good options","Bristol,England,United Kingdom"
what_con_eng_from:Bristol,5,tastecard.co.uk,Best UK City Breaks for Couples | tasteblog | tastecard | tastecard,https://www.tastecard.co.uk/tasteblog/days-out-inspiration/the-best-uk-city-breaks-for-couples,"i'm looking to book a holiday in england, what are some good options","Bristol,England,United Kingdom"
what_con_eng_from:Bristol,6,st-christophers.co.uk,8 Best City Breaks in Europe For a Long Weekend,https://www.st-christophers.co.uk/travel-blog/best-city-breaks-in-europe-for-long-weekend/,"i'm looking to book a holiday in england, what are some good options","Bristol,England,United Kingdom"
what_con_eng_from:Bristol,7,sykescottages.co.uk,Free Days Out UK: Your Guide to Exploring on a Budget | Sykes Holiday Cottages,https://www.sykescottages.co.uk/blog/free-days-out/,"i'm looking to book a holiday in england, what are some good options","Bristol,England,United Kingdom"
what_con_eng_from:Bristol,8,newmarketholidays.co.uk,England Tours \u0026 Holidays 2026,https://www.newmarketholidays.co.uk/destinations/europe/uk/england/,"i'm looking to book a holiday in england, what are some good options","Bristol,England,United Kingdom"
what_con_eng_from:Bristol,9,rated-places.com,"Rated places to stay in the UK: Read reviews of hotels, self catering, B\u0026B, short breaks",http://www.rated-places.com/,"i'm looking to book a holiday in england, what are some good options","Bristol,England,United Kingdom"
what_con_eng_from:Bristol,10,coastradar.com,Your Step-by-Step UK Coast Planning Guide,https://coastradar.com/your-step-by-step-uk-coast-planning-guide/,"i'm looking to book a holiday in england, what are some good options","Bristol,England,United Kingdom"
what_con_eng_from:Bristol,11,ethicalconsumer.org,Sustainable Travel Companies,https://www.ethicalconsumer.org/transport-travel/shopping-guide/ethical-sustainable-travel-companies,"i'm looking to book a holiday in england, what are some good options","Bristol,England,United Kingdom"
what_con_eng_from:Cleethorpes,1,nationaltrust.org.uk,Top UK holiday destinations - National Trust,https://www.nationaltrust.org.uk/holidays/destinations,"i'm looking to book a holiday in england, what are some good options","Cleethorpes,England,United Kingdom"
what_con_eng_from:Cleethorpes,2,tessaholly.com,How to Plan the Best Staycation for a Cheap UK Holiday,https://www.tessaholly.com/how-to-plan-the-best-staycation-for-a-cheap-uk-holiday/,"i'm looking to book a holiday in england, what are some good options","Cleethorpes,England,United Kingdom"
what_con_eng_from:Cleethorpes,3,moneysavingexpert.com,How to find a cheap package holiday - Money Saving Expert,https://www.moneysavingexpert.com/travel/cheap-holiday-haggling-guide/,"i'm looking to book a holiday in england, what are some good options","Cleethorpes,England,United Kingdom"
what_con_eng_from:Cleethorpes,4,loveholidays.com,UK Holidays | ATOL Protected 2026/2027 | loveholidays,https://www.loveholidays.com/holidays/united-kingdom-holidays.html,"i'm looking to book a holiday in england, what are some good options","Cleethorpes,England,United Kingdom"
what_con_eng_from:Cleethorpes,5,instagram.com,✨10 incredible places to visit in England…👇 I will always ...,https://www.instagram.com/reel/DMyGBaBsgSd/?hl=en-gb,"i'm looking to book a holiday in england, what are some good options","Cleethorpes,England,United Kingdom"
what_con_eng_from:Cleethorpes,6,instagram.com,✨10 incredible places to visit in England…👇 There are so ...,https://www.instagram.com/reel/DYC86ixMfog/,"i'm looking to book a holiday in england, what are some good options","Cleethorpes,England,United Kingdom"
what_con_eng_from:Cleethorpes,7,discoverbritain.com,Top 20 most underrated UK beaches,https://www.discoverbritain.com/journey-planning/things-to-do/underrated-uk-beaches/,"i'm looking to book a holiday in england, what are some good options","Cleethorpes,England,United Kingdom"
what_con_eng_from:Cleethorpes,8,awayresorts.co.uk,The 10 best holiday destinations in the UK - Away Resorts,https://www.awayresorts.co.uk/discover/travel-tips/best-holiday-destinations-uk/,"i'm looking to book a holiday in england, what are some good options","Cleethorpes,England,United Kingdom"
what_con_eng_from:Cleethorpes,9,clearandfair.co.uk,How To Have A Great Holiday On A Budget (30 Top Tips) | Clear And Fair,https://www.clearandfair.co.uk/great-holiday-on-a-budget.html,"i'm looking to book a holiday in england, what are some good options","Cleethorpes,England,United Kingdom"
what_con_eng_from:Manchester,1,nationaltrust.org.uk,Top UK holiday destinations - National Trust,https://www.nationaltrust.org.uk/holidays/destinations,"i'm looking to book a holiday in england, what are some good options","Manchester,England,United Kingdom"
what_con_eng_from:Manchester,2,greatlittlebreaks.com,Short Break Destinations in the UK | Great Little Breaks,https://www.greatlittlebreaks.com/destinations,"i'm looking to book a holiday in england, what are some good options","Manchester,England,United Kingdom"
what_con_eng_from:Manchester,3,instagram.com,✨10 incredible places to visit in England…👇 There are so ...,https://www.instagram.com/reel/DYC86ixMfog/,"i'm looking to book a holiday in england, what are some good options","Manchester,England,United Kingdom"
what_con_eng_from:Manchester,4,krishtravel.com,Cotswolds and Bath UK Day Trip: Best Places to Visit in One Day,https://krishtravel.com/cotswolds-bath-uk-day-trip/,"i'm looking to book a holiday in england, what are some good options","Manchester,England,United Kingdom"
what_con_eng_from:Manchester,5,premierinn.com,Short Breaks in the UK | Weekend Breaks - Premier Inn,https://www.premierinn.com/gb/en/short-breaks.html,"i'm looking to book a holiday in england, what are some good options","Manchester,England,United Kingdom"
what_con_eng_from:Manchester,6,reddit.com,Best UK websites for searching for Holidays : r/CasualUK,https://www.reddit.com/r/CasualUK/comments/1dhqolg/best_uk_websites_for_searching_for_holidays/,"i'm looking to book a holiday in england, what are some good options","Manchester,England,United Kingdom"
what_con_eng_from:York,1,nationaltrust.org.uk,Top UK holiday destinations - National Trust,https://www.nationaltrust.org.uk/holidays/destinations,"i'm looking to book a holiday in england, what are some good options","York,England,United Kingdom"
what_con_eng_from:York,2,instagram.com,✨10 incredible places to visit in England…👇 I will always ...,https://www.instagram.com/reel/DMyGBaBsgSd/?hl=en-gb,"i'm looking to book a holiday in england, what are some good options","York,England,United Kingdom"
what_con_eng_from:York,3,instagram.com,✨10 incredible places to visit in England…👇 There are so ...,https://www.instagram.com/reel/DYC86ixMfog/,"i'm looking to book a holiday in england, what are some good options","York,England,United Kingdom"
what_con_eng_from:York,4,independenttravelcats.com,Best Vacation Rental Websites: How \u0026 Where to Book Online,https://independenttravelcats.com/best-vacation-rental-websites/,"i'm looking to book a holiday in england, what are some good options","York,England,United Kingdom"
what_con_eng_from:York,5,kayak.co.uk,Come discover the best beaches in England with us,https://www.kayak.co.uk/news/best-beaches-in-england/,"i'm looking to book a holiday in england, what are some good options","York,England,United Kingdom"
what_con_eng_from:Newcastle upon Tyne,1,nationaltrust.org.uk,Top UK holiday destinations - National Trust,https://www.nationaltrust.org.uk/holidays/destinations,"i'm looking to book a holiday in england, what are some good options","Newcastle upon Tyne,England,United Kingdom"
what_con_eng_from:Newcastle upon Tyne,2,instagram.com,✨10 incredible places to visit in England…👇 There are so ...,https://www.instagram.com/reel/DYC86ixMfog/,"i'm looking to book a holiday in england, what are some good options","Newcastle upon Tyne,England,United Kingdom"
what_con_eng_from:Newcastle upon Tyne,3,instagram.com,✨10 incredible places to visit in England…👇 I will always ...,https://www.instagram.com/reel/DMyGBaBsgSd/?hl=en-gb,"i'm looking to book a holiday in england, what are some good options","Newcastle upon Tyne,England,United Kingdom"
what_con_eng_from:Newcastle upon Tyne,4,greatlittlebreaks.com,Short Break Destinations in the UK | Great Little Breaks,https://www.greatlittlebreaks.com/destinations,"i'm looking to book a holiday in england, what are some good options","Newcastle upon Tyne,England,United Kingdom"
what_con_eng_from:Newcastle upon Tyne,5,lastminute.com,United Kingdom Holidays 2026 / 2027 from £135 - Lastminute.com,https://www.lastminute.com/holidays/gb_united-kingdom,"i'm looking to book a holiday in england, what are some good options","Newcastle upon Tyne,England,United Kingdom"
what_con_eng_from:Edinburgh,1,nationaltrust.org.uk,Top UK holiday destinations - National Trust,https://www.nationaltrust.org.uk/holidays/destinations,"i'm looking to book a holiday in england, what are some good options","Edinburgh,Scotland,United Kingdom"
what_con_eng_from:Edinburgh,2,instagram.com,✨10 incredible places to visit in England…👇 There are so ...,https://www.instagram.com/reel/DYC86ixMfog/,"i'm looking to book a holiday in england, what are some good options","Edinburgh,Scotland,United Kingdom"
what_con_eng_from:Edinburgh,3,loveholidays.com,UK Holidays | ATOL Protected 2026/2027 | loveholidays,https://www.loveholidays.com/holidays/united-kingdom-holidays.html,"i'm looking to book a holiday in england, what are some good options","Edinburgh,Scotland,United Kingdom"
what_con_eng_from:Edinburgh,4,booking.com,The best day trips from London: explore beyond the capital,https://www.booking.com/articles/day-trips-from-london.en-gb.html,"i'm looking to book a holiday in england, what are some good options","Edinburgh,Scotland,United Kingdom"
what_con_eng_from:Edinburgh,5,secretescapes.com,England Staycations | Luxury travel at low prices - Secret Escapes,https://www.secretescapes.com/england-staycations/filter?srsltid=AfmBOooeze5w1fiIu-4HUtrOKjcWqkHX84-SGpQhqtfEhifue3Nmnutk,"i'm looking to book a holiday in england, what are some good options","Edinburgh,Scotland,United Kingdom"
what_con_eng_from:Edinburgh,6,awayresorts.co.uk,The 10 best holiday destinations in the UK - Away Resorts,https://www.awayresorts.co.uk/discover/travel-tips/best-holiday-destinations-uk/,"i'm looking to book a holiday in england, what are some good options","Edinburgh,Scotland,United Kingdom"
what_con_eng_from:Edinburgh,7,hotelgift.com,The 14 Best Beach Holidays in the UK 2025,https://www.hotelgift.com/en/blog/best-beach-holidays-in-the-uk/?srsltid=AfmBOoq59WX1TmdvZE8GABjQ32hPBfrgjqefD-2skORQHSup7KAHtT0a,"i'm looking to book a holiday in england, what are some good options","Edinburgh,Scotland,United Kingdom"
what_con_eng_from:Inverness,1,nationaltrust.org.uk,Top UK holiday destinations - National Trust,https://www.nationaltrust.org.uk/holidays/destinations,"i'm looking to book a holiday in england, what are some good options","Inverness,Scotland,United Kingdom"
what_con_eng_from:Inverness,2,weareglobaltravellers.com,30 Best Places To Visit In The UK - We Are Global Travellers,https://weareglobaltravellers.com/2020/03/places-to-visit-uk/,"i'm looking to book a holiday in england, what are some good options","Inverness,Scotland,United Kingdom"
what_con_eng_from:Inverness,3,anywhereweroam.com,30 Best Places to Visit in the UK (2026) - Anywhere We Roam,https://anywhereweroam.com/places-to-visit-in-the-uk/,"i'm looking to book a holiday in england, what are some good options","Inverness,Scotland,United Kingdom"
what_con_eng_from:Inverness,4,google.com,Cotswolds AONB,https://www.google.com/searchviewer/10?svid=CAwSFxIVCgNwdnESDkNnZ3ZiUzh3TVY5blpBGAo,"i'm looking to book a holiday in england, what are some good options","Inverness,Scotland,United Kingdom"
what_con_eng_from:Inverness,5,handluggageonly.co.uk,20 Prettiest and Best Places to Visit in England (Ultimate ...,https://handluggageonly.co.uk/the-19-prettiest-and-best-places-to-visit-in-england/,"i'm looking to book a holiday in england, what are some good options","Inverness,Scotland,United Kingdom"
what_con_eng_from:Inverness,6,holidaycottages.co.uk,Top 9 Holiday Destinations In The UK | holidaycottages.co.uk,https://www.holidaycottages.co.uk/blog/top-holiday-destinations-uk,"i'm looking to book a holiday in england, what are some good options","Inverness,Scotland,United Kingdom"
what_con_eng_from:Inverness,7,thetimes.com,18 of the most beautiful places in England - The Times,https://www.thetimes.com/travel/destinations/uk-travel/england/most-beautiful-places-in-england-mvphd65q5,"i'm looking to book a holiday in england, what are some good options","Inverness,Scotland,United Kingdom"
what_con_eng_from:Inverness,8,moneysavingexpert.com,How to find a cheap package holiday - Money Saving Expert,https://www.moneysavingexpert.com/travel/cheap-holiday-haggling-guide/,"i'm looking to book a holiday in england, what are some good options","Inverness,Scotland,United Kingdom"
what_con_eng_from:Inverness,9,icelolly.com,icelolly.com - Compare Cheap Holidays,https://www.icelolly.com/,"i'm looking to book a holiday in england, what are some good options","Inverness,Scotland,United Kingdom"
what_con_eng_from:Inverness,10,luxurycottages.com,UK Holiday Destinations | Luxury Cottages - Official Website,https://luxurycottages.com/destinations/,"i'm looking to book a holiday in england, what are some good options","Inverness,Scotland,United Kingdom"
what_con_eng_from:Inverness,11,lastminute.com,Best UK train journeys | lastminute.com,https://www.lastminute.com/travel-inspiration/europe/england/best-train-journeys,"i'm looking to book a holiday in england, what are some good options","Inverness,Scotland,United Kingdom"
what_con_eng_from:Inverness,12,great-days-out.co.uk,Days Out in North East England,https://www.great-days-out.co.uk/north-east-england/,"i'm looking to book a holiday in england, what are some good options","Inverness,Scotland,United Kingdom"
what_con_eng_from:Inverness,13,eurail.com,2 month route from Great Britain,https://www.eurail.com/en/plan-your-trip/trip-ideas/suggested-itineraries/2-month-route-great-britain,"i'm looking to book a holiday in england, what are some good options","Inverness,Scotland,United Kingdom"
what_con_eng_from:Inverness,14,blog.zenhotels.com,10 Best Cities to Visit in the UK 2025,https://blog.zenhotels.com/best-cities-in-uk-2025/,"i'm looking to book a holiday in england, what are some good options","Inverness,Scotland,United Kingdom"
what_con_eng_from:Glasgow,1,loveholidays.com,UK Holidays | ATOL Protected 2026/2027 | loveholidays,https://www.loveholidays.com/holidays/united-kingdom-holidays.html,"i'm looking to book a holiday in england, what are some good options","Glasgow,Scotland,United Kingdom"
what_con_eng_from:Glasgow,2,nationaltrust.org.uk,Top UK holiday destinations - National Trust,https://www.nationaltrust.org.uk/holidays/destinations,"i'm looking to book a holiday in england, what are some good options","Glasgow,Scotland,United Kingdom"
what_con_eng_from:Glasgow,3,lastminute.com,United Kingdom Holidays 2026 / 2027 from £138 - Lastminute.com,https://www.lastminute.com/holidays/gb_united-kingdom,"i'm looking to book a holiday in england, what are some good options","Glasgow,Scotland,United Kingdom"
what_con_eng_from:Glasgow,4,instagram.com,✨10 incredible places to visit in England…👇 I will always ...,https://www.instagram.com/reel/DMyGBaBsgSd/?hl=en-gb,"i'm looking to book a holiday in england, what are some good options","Glasgow,Scotland,United Kingdom"
what_con_eng_from:Glasgow,5,instagram.com,✨10 incredible places to visit in England…👇 There are so ...,https://www.instagram.com/reel/DYC86ixMfog/,"i'm looking to book a holiday in england, what are some good options","Glasgow,Scotland,United Kingdom"
what_con_eng_from:Glasgow,6,nationalrail.co.uk,Top 10 Bucket List locations to visit in Great Britain | National Rail,https://www.nationalrail.co.uk/discover-by-train/places-to-visit-by-train/top-10-british-bucket-list-locations-to-visit-in-your-lifetime/,"i'm looking to book a holiday in england, what are some good options","Glasgow,Scotland,United Kingdom"
what_con_eng_from:Glasgow,7,visitbritain.com,England Attractions \u0026 Places to Visit | VisitBritain,https://www.visitbritain.com/en/destinations/england,"i'm looking to book a holiday in england, what are some good options","Glasgow,Scotland,United Kingdom"
what_con_eng_from:Glasgow,8,insurancewith.com,Top 5 UK Holiday Destinations - Insurancewith,https://www.insurancewith.com/blog/top-5-uk-holiday-destinations/,"i'm looking to book a holiday in england, what are some good options","Glasgow,Scotland,United Kingdom"
what_con_eng_from:Glasgow,9,luxurycottages.com,Best Milestone Birthday Breaks in the UK,https://luxurycottages.com/travel-journal/best-milestone-birthday-breaks-in-the-uk/,"i'm looking to book a holiday in england, what are some good options","Glasgow,Scotland,United Kingdom"
what_con_eng_from:Glasgow,10,cottagesinnorthumberland.co.uk,Where to find peace and quiet in the UK - Cottages in Northumberland,https://www.cottagesinnorthumberland.co.uk/guides/peace-and-quiet-uk,"i'm looking to book a holiday in england, what are some good options","Glasgow,Scotland,United Kingdom"
what_con_eng_from:Glasgow,11,justpark.com,May Bank Holidays 2026: 8 Road Trips to Experience the Beauty of the UK,https://www.justpark.com/resource-centre/8-road-trips-to-experience-the-beauty-of-the-uk,"i'm looking to book a holiday in england, what are some good options","Glasgow,Scotland,United Kingdom"
what_con_eng_from:Glasgow,12,brakescoppicepark.co.uk,Ultimate UK Camping Guide: Best Spots by English Region,https://brakescoppicepark.co.uk/guide/,"i'm looking to book a holiday in england, what are some good options","Glasgow,Scotland,United Kingdom"
what_con_eng_from:Glasgow,13,awayresorts.co.uk,The 10 best holiday destinations in the UK - Away Resorts,https://www.awayresorts.co.uk/discover/travel-tips/best-holiday-destinations-uk/,"i'm looking to book a holiday in england, what are some good options","Glasgow,Scotland,United Kingdom"
what_con_eng_from:Glasgow,14,sykescottages.co.uk,UK City Breaks | Sykes Holiday Cottages,https://www.sykescottages.co.uk/uk-city-breaks.html,"i'm looking to book a holiday in england, what are some good options","Glasgow,Scotland,United Kingdom"
what_con_eng_from:Glasgow,15,tourradar.com,4-Week UK And Great Britain Tour Itinerary - TourRadar,https://www.tourradar.com/n/great-britain-uk-4-week,"i'm looking to book a holiday in england, what are some good options","Glasgow,Scotland,United Kingdom"
what_con_eng_from:Glasgow,16,haystravel.co.uk,UK Staycations | Beach holidays | Country escapes - Hays Travel,https://www.haystravel.co.uk/destinations/europe/united-kingdom/,"i'm looking to book a holiday in england, what are some good options","Glasgow,Scotland,United Kingdom"
what_con_scot_from:London,1,visitscotland.com,Scotland's National Tourist Organisation | VisitScotland,https://www.visitscotland.com/,"i'm looking to book a holiday in scotland, what are some good options","London,England,United Kingdom"
what_con_scot_from:London,2,hotels.com,Best Hotels in Scotland,https://www.hotels.com/re10233335/hotels-in-scotland-united-kingdom/,"i'm looking to book a holiday in scotland, what are some good options","London,England,United Kingdom"
what_con_scot_from:London,3,cottages-and-castles.co.uk,Luxury Coastal Cottages in Scotland | Luxury Scottish Beach Cottages,https://www.cottages-and-castles.co.uk/luxury-coastal-cottages,"i'm looking to book a holiday in scotland, what are some good options","London,England,United Kingdom"
what_con_scot_from:London,4,easyjet.com,Scotland Holidays 2026 / 2027 - EasyJet,https://www.easyjet.com/en/holidays/united-kingdom/scotland,"i'm looking to book a holiday in scotland, what are some good options","London,England,United Kingdom"
what_con_scot_from:London,5,facebook.com,What are some good websites to book accommodation/bed and ...,https://www.facebook.com/groups/VisitScotland/posts/2056972941418255/,"i'm looking to book a holiday in scotland, what are some good options","London,England,United Kingdom"
what_con_scot_from:London,6,greatlittlebreaks.com,Short Breaks in Scotland,https://www.greatlittlebreaks.com/destinations/scotland,"i'm looking to book a holiday in scotland, what are some good options","London,England,United Kingdom"
what_con_scot_from:London,7,visitscotland.com,Cities in Scotland – Local Tips \u0026 City Breaks | VisitScotland,https://www.visitscotland.com/places-to-go/city-breaks,"i'm looking to book a holiday in scotland, what are some good options","London,England,United Kingdom"
what_con_scot_from:London,8,visitscotland.com,Glasgow - Short Holidays \u0026 Weekend City Breaks | VisitScotland,https://www.visitscotland.com/places-to-go/glasgow,"i'm looking to book a holiday in scotland, what are some good options","London,England,United Kingdom"
what_con_scot_from:London,9,scottishtourer.co.uk,"[2023] - Ultimate Guide on Motorhomes and Camper Van Rentals: Benefits, Best Destinations and Uses - Scottish Motorhome",https://www.scottishtourer.co.uk/blog/2023/04/13/2023-ultimate-guide-on-motorhomes-and-camper-van-rentals-benefits-best-destinations-and-uses,"i'm looking to book a holiday in scotland, what are some good options","London,England,United Kingdom"
what_con_scot_from:London,10,instagram.com,"Top 5 unique stays in Scotland: 1. The Open Book, ...",https://www.instagram.com/p/DU-mEQMDMpQ/?hl=en-gb,"i'm looking to book a holiday in scotland, what are some good options","London,England,United Kingdom"
what_con_scot_from:Bristol,1,watchmesee.com,27 Unique Places to Stay in Scotland: From Hotels to Self ...,https://watchmesee.com/blog/unique-places-to-stay-in-scotland/,"i'm looking to book a holiday in scotland, what are some good options","Bristol,England,United Kingdom"
what_con_scot_from:Bristol,2,coolplaces.co.uk,Holidays in Scotland - Cool Places,https://www.coolplaces.co.uk/places-to-stay/uk/scotland,"i'm looking to book a holiday in scotland, what are some good options","Bristol,England,United Kingdom"
what_con_scot_from:Bristol,3,onthebeach.ie,Scotland Holidays 2026 / 2027 - On the Beach,https://www.onthebeach.ie/destinations/united-kingdom/scotland,"i'm looking to book a holiday in scotland, what are some good options","Bristol,England,United Kingdom"
what_con_scot_from:Bristol,4,onthebeach.co.uk,Cheap Holidays to Scotland - On The Beach,https://www.onthebeach.co.uk/destinations/united-kingdom/scotland,"i'm looking to book a holiday in scotland, what are some good options","Bristol,England,United Kingdom"
what_con_scot_from:Bristol,5,lovefromscotland.co.uk,Best Weekend Breaks in Scotland: 8 Getaways + Where to Stay,https://www.lovefromscotland.co.uk/weekend-breaks-in-scotland/,"i'm looking to book a holiday in scotland, what are some good options","Bristol,England,United Kingdom"
what_con_scot_from:Bristol,6,facebook.com,What are good sites to search and book accommodation in Scotland ...,https://www.facebook.com/groups/ScotlandTravelGroup/posts/3211464815650821/,"i'm looking to book a holiday in scotland, what are some good options","Bristol,England,United Kingdom"
what_con_scot_from:Bristol,7,rabbies.com,How To Travel Scotland On A Budget - Rabbie's Tours,https://www.rabbies.com/en-gb/blog/scotland-on-a-budget,"i'm looking to book a holiday in scotland, what are some good options","Bristol,England,United Kingdom"
what_con_scot_from:Bristol,8,visitscotland.com,Accommodation in Scotland | VisitScotland,https://www.visitscotland.com/accommodation,"i'm looking to book a holiday in scotland, what are some good options","Bristol,England,United Kingdom"
what_con_scot_from:Bristol,9,undiscoveredscotland.co.uk,Aviemore \u0026 Badenoch Self Catering Accommodation on Undiscovered Scotland,https://www.undiscoveredscotland.co.uk/areaavie/self.html,"i'm looking to book a holiday in scotland, what are some good options","Bristol,England,United Kingdom"
what_con_scot_from:Bristol,10,thedellofabernethy.co.uk,The Dell of Abernethy | Holiday in the Cairngorms,https://www.thedellofabernethy.co.uk/,"i'm looking to book a holiday in scotland, what are some good options","Bristol,England,United Kingdom"
what_con_scot_from:Bristol,11,wilsonmcsheffrey.co.uk,Elope in Scotland: A Definitive Guide to Creating Your Perfect Day 2026,https://wilsonmcsheffrey.co.uk/blog/10-27-2022-how-to-elope-in-scotland-information-guide/,"i'm looking to book a holiday in scotland, what are some good options","Bristol,England,United Kingdom"
what_con_scot_from:Bristol,12,goway.com,Scotland Multi Country Vacations 2026/2027 | Goway,https://www.goway.com/destinations/europe/scotland/multi-country-vacations,"i'm looking to book a holiday in scotland, what are some good options","Bristol,England,United Kingdom"
what_con_scot_from:Bristol,13,loveholidays.com,Scotland Holidays | ATOL Protected 2026/2027 | loveholidays,https://www.loveholidays.com/holidays/scotland-holidays.html,"i'm looking to book a holiday in scotland, what are some good options","Bristol,England,United Kingdom"
what_con_scot_from:Bristol,14,expedia.co.uk,The Best Hotels Closest to Edinburgh Park in Edinburgh - 2026 Updated Prices,https://www.expedia.co.uk/Edinburgh-Park-Hotels.0-l6169053-0.Travel-Guide-Filter-Hotels,"i'm looking to book a holiday in scotland, what are some good options","Bristol,England,United Kingdom"
what_con_scot_from:Cleethorpes,1,onthebeach.co.uk,Cheap Holidays to Scotland - On The Beach,https://www.onthebeach.co.uk/destinations/united-kingdom/scotland,"i'm looking to book a holiday in scotland, what are some good options","Cleethorpes,England,United Kingdom"
what_con_scot_from:Cleethorpes,2,watchmesee.com,27 Unique Places to Stay in Scotland: From Hotels to Self ...,https://watchmesee.com/blog/unique-places-to-stay-in-scotland/,"i'm looking to book a holiday in scotland, what are some good options","Cleethorpes,England,United Kingdom"
what_con_scot_from:Cleethorpes,3,cottages-and-castles.co.uk,Top Happiest Holiday Destinations In Scotland,https://www.cottages-and-castles.co.uk/guides/top-holiday-destinations-in-scotland,"i'm looking to book a holiday in scotland, what are some good options","Cleethorpes,England,United Kingdom"
what_con_scot_from:Cleethorpes,4,rabbies.com,The 8 Best Scottish Islands to Visit | Rabbie’s,https://www.rabbies.com/en-gb/blog/8-best-islands-visit-scotland,"i'm looking to book a holiday in scotland, what are some good options","Cleethorpes,England,United Kingdom"
what_con_scot_from:Cleethorpes,5,scotlandswild.com,20 Underrated Places to Visit in Scotland,https://www.scotlandswild.com/experience-scotlands-wild-blog-posts/20-places-in-scotland-that-arent-talked-about-enough,"i'm looking to book a holiday in scotland, what are some good options","Cleethorpes,England,United Kingdom"
what_con_scot_from:Cleethorpes,6,myhotelbreak.com,Hotels In Arran | Hotel Deals Arran | myhotelbreak,https://www.myhotelbreak.com/hotels-on-arran,"i'm looking to book a holiday in scotland, what are some good options","Cleethorpes,England,United Kingdom"
what_con_scot_from:Cleethorpes,7,hostelworld.com,Day Trips from Glasgow to Experience Scotland’s Heart,https://www.hostelworld.com/blog/day-trips-from-glasgow/,"i'm looking to book a holiday in scotland, what are some good options","Cleethorpes,England,United Kingdom"
what_con_scot_from:Cleethorpes,8,snaptrip.com,Log Cabins in Scotland | Last-minute log cabins on offer,https://www.snaptrip.com/holiday-log-cabins/scotland,"i'm looking to book a holiday in scotland, what are some good options","Cleethorpes,England,United Kingdom"
what_con_scot_from:Cleethorpes,9,garringtonscotland.co.uk,Best Cities in Scotland to Live | Garrington Property Finders Scotland,https://garringtonscotland.co.uk/best-cities-in-scotland-to-live/,"i'm looking to book a holiday in scotland, what are some good options","Cleethorpes,England,United Kingdom"
what_con_scot_from:Cleethorpes,10,rabbies.com,How To Travel Scotland On A Budget - Rabbie's Tours,https://www.rabbies.com/en-gb/blog/scotland-on-a-budget,"i'm looking to book a holiday in scotland, what are some good options","Cleethorpes,England,United Kingdom"
what_con_scot_from:Cleethorpes,11,reddit.com,Best places to live in Scotland? : r/Scotland,https://www.reddit.com/r/Scotland/comments/1fo7wkd/best_places_to_live_in_scotland/,"i'm looking to book a holiday in scotland, what are some good options","Cleethorpes,England,United Kingdom"
what_con_scot_from:Manchester,1,watchmesee.com,27 Unique Places to Stay in Scotland: From Hotels to Self ...,https://watchmesee.com/blog/unique-places-to-stay-in-scotland/,"i'm looking to book a holiday in scotland, what are some good options","Manchester,England,United Kingdom"
what_con_scot_from:Manchester,2,visitscotland.com,VisitScotland - Scotland's National Tourist Organisation ...,https://www.visitscotland.com/,"i'm looking to book a holiday in scotland, what are some good options","Manchester,England,United Kingdom"
what_con_scot_from:Manchester,3,cottages-and-castles.co.uk,Top Happiest Holiday Destinations In Scotland,https://www.cottages-and-castles.co.uk/guides/top-holiday-destinations-in-scotland,"i'm looking to book a holiday in scotland, what are some good options","Manchester,England,United Kingdom"
what_con_scot_from:Manchester,4,lastminute.com,Cheap Scotland Holidays 2026/2027 | Deals from £160,https://www.lastminute.com/holidays/gb_united-kingdom/scotland-r3916087,"i'm looking to book a holiday in scotland, what are some good options","Manchester,England,United Kingdom"
what_con_scot_from:Manchester,5,onthebeach.co.uk,Cheap Holidays to Scotland - On The Beach,https://www.onthebeach.co.uk/destinations/united-kingdom/scotland,"i'm looking to book a holiday in scotland, what are some good options","Manchester,England,United Kingdom"
what_con_scot_from:Manchester,6,rabbies.com,How To Travel Scotland On A Budget - Rabbie's Tours,https://www.rabbies.com/en-gb/blog/scotland-on-a-budget,"i'm looking to book a holiday in scotland, what are some good options","Manchester,England,United Kingdom"
what_con_scot_from:Manchester,7,facebook.com,What are some good websites to book accommodation/bed and ...,https://www.facebook.com/groups/VisitScotland/posts/2056972941418255/,"i'm looking to book a holiday in scotland, what are some good options","Manchester,England,United Kingdom"
what_con_scot_from:Manchester,8,facebook.com,What are good sites to search and book accommodation in Scotland ...,https://www.facebook.com/groups/ScotlandTravelGroup/posts/3211464815650821/,"i'm looking to book a holiday in scotland, what are some good options","Manchester,England,United Kingdom"
what_con_scot_from:Manchester,9,facebook.com,Has anyone used booking.com for accommodations in Scotland?,https://www.facebook.com/groups/ScotlandTravelGroup/posts/3739674162829881/,"i'm looking to book a holiday in scotland, what are some good options","Manchester,England,United Kingdom"
what_con_scot_from:Manchester,10,visitscotland.com,Affordable and Budget-Friendly Holidays in Scotland | VisitScotland,https://www.visitscotland.com/things-to-do/cheap-budget,"i'm looking to book a holiday in scotland, what are some good options","Manchester,England,United Kingdom"
what_con_scot_from:Manchester,11,aladyinlondon.com,51 Places to Visit in the UK - You Have to See These,https://www.aladyinlondon.com/2019/01/places-to-visit-in-uk.html,"i'm looking to book a holiday in scotland, what are some good options","Manchester,England,United Kingdom"
what_con_scot_from:Manchester,12,facebook.com,"𝗧𝗵𝗶𝘀 𝘀𝘂𝗺𝗺𝗲𝗿, 𝘁𝗮𝗸𝗲 𝗼𝗳𝗳 𝘁𝗼... 𝗘𝗗𝗜𝗡𝗕𝗨𝗥𝗚𝗛! 🏴\udb40\udc67\udb40\udc62\udb40\udc73\udb40\udc63\udb40\udc74\udb40\udc7f Embark on a majestic journey through Scotland, starting from the historic and vibrant capital, Edinburgh! 🏰 Begin your adventure by exploring the city's iconic attractions, such as the Edinburgh Castle, the Royal Mile and Holyrood Palace. ⛰️ After soaking in the city's lively atmosphere, venture into the heart of the Scottish Highlands. Stay in cosy cottages or traditional hotels in places like Inverness, the gateway to the Highlands, offering easy access to the mystical Loch Ness. 🚗 As you journey further, embrace the breath-taking landscapes along the famous North Coast 500 route, a 500-mile scenic drive (516 miles to be exact!) encompassing the raw beauty of Scotland's northernmost coastline. 🌊 Along this route, visit the fairy tale Dunrobin Castle and Gardens, experience the wilderness of the rugged cliffs at Cape Wrath and stroll on the pristine beaches of Achmelvich. Don't miss the chance to explore the Isle of Skye, renowned for its picturesque scenery and quaint villages. ✈️ Fly direct to Edinburgh from Cork",https://www.facebook.com/FlyCork/posts/%F0%9D%97%A7%F0%9D%97%B5%F0%9D%97%B6%F0%9D%98%80-%F0%9D%98%80%F0%9D%98%82%F0%9D%97%BA%F0%9D%97%BA%F0%9D%97%B2%F0%9D%97%BF-%F0%9D%98%81%F0%9D%97%AE%F0%9D%97%B8%F0%9D%97%B2-%F0%9D%97%BC%F0%9D%97%B3%F0%9D%97%B3-%F0%9D%98%81%F0%9D%97%BC-%F0%9D%97%98%F0%9D%97%97%F0%9D%97%9C%F0%9D%97%A1%F0%9D%97%95%F0%9D%97%A8%F0%9D%97%A5%F0%9D%97%9A%F0%9D%97%9B-embark-on-a-majestic-journey-through-scotland-/1368090885359282/,"i'm looking to book a holiday in scotland, what are some good options","Manchester,England,United Kingdom"
what_con_scot_from:Manchester,13,easyjet.com,Scotland Holidays 2026 / 2027 - EasyJet,https://www.easyjet.com/en/holidays/united-kingdom/scotland,"i'm looking to book a holiday in scotland, what are some good options","Manchester,England,United Kingdom"
what_con_scot_from:Manchester,14,visitscotland.com,Scottish Highlands - Holidays \u0026 Breaks | VisitScotland,https://www.visitscotland.com/places-to-go/highlands,"i'm looking to book a holiday in scotland, what are some good options","Manchester,England,United Kingdom"
what_con_scot_from:Manchester,15,cottages-and-castles.co.uk,Things to do in Aberdeenshire | Cottages and Castles,https://www.cottages-and-castles.co.uk/guides/things-to-do-aberdeenshire,"i'm looking to book a holiday in scotland, what are some good options","Manchester,England,United Kingdom"
what_con_scot_from:Manchester,16,wayfaringkiwi.com,Regions in Scotland: A Simple Guide,https://www.wayfaringkiwi.com/regions-in-scotland/,"i'm looking to book a holiday in scotland, what are some good options","Manchester,England,United Kingdom"
what_con_scot_from:Manchester,17,boutiquehandbook.com,Best Remote Staycations In The UK,https://boutiquehandbook.com/best-remote-staycations-in-the-uk/,"i'm looking to book a holiday in scotland, what are some good options","Manchester,England,United Kingdom"
what_con_scot_from:Manchester,18,independenttravelcats.com,Best Vacation Rental Websites: How \u0026 Where to Book Online,https://independenttravelcats.com/best-vacation-rental-websites/,"i'm looking to book a holiday in scotland, what are some good options","Manchester,England,United Kingdom"
what_con_scot_from:York,1,onthebeach.co.uk,Cheap Holidays to Scotland - On The Beach,https://www.onthebeach.co.uk/destinations/united-kingdom/scotland,"i'm looking to book a holiday in scotland, what are some good options","York,England,United Kingdom"
what_con_scot_from:York,2,cottages.com,Scotland Short Cottage Breaks \u0026 Weekends Away,https://www.cottages.com/scotland/short-breaks,"i'm looking to book a holiday in scotland, what are some good options","York,England,United Kingdom"
what_con_scot_from:York,3,wonderdays.co.uk,Scottish Highland Breaks For Two,https://www.wonderdays.co.uk/vouchers/scottish-highland-breaks,"i'm looking to book a holiday in scotland, what are some good options","York,England,United Kingdom"
what_con_scot_from:York,4,lastminute.com,Cheap Scotland Holidays 2026/2027 | Deals from £160,https://www.lastminute.com/holidays/gb_united-kingdom/scotland-r3916087,"i'm looking to book a holiday in scotland, what are some good options","York,England,United Kingdom"
what_con_scot_from:York,5,onthegotours.com,Scotland Tours | 2026/2027 packages,https://www.onthegotours.com/Scotland,"i'm looking to book a holiday in scotland, what are some good options","York,England,United Kingdom"
what_con_scot_from:York,6,loveholidays.com,Scotland Holidays | ATOL Protected 2026/2027 | loveholidays,https://www.loveholidays.com/holidays/scotland-holidays.html,"i'm looking to book a holiday in scotland, what are some good options","York,England,United Kingdom"
what_con_scot_from:York,7,facebook.com,Here are 3 Scottish islands you can visit without a car: 📍 Isle of Iona (South West of the Isle of Mull) 📍 Great Cumbrae (1-hour from Glasgow) 📍 Colonsay \u0026 Oronsay (Inner Hebrides) So | Ruth Aisling,https://www.facebook.com/ruthaisling/videos/here-are-3-scottish-islands-you-can-visit-without-a-car-isle-of-iona-south-west-/765486179865620/,"i'm looking to book a holiday in scotland, what are some good options","York,England,United Kingdom"
what_con_scot_from:York,8,big-cottages.com,Holiday Cottages with a Games Room in Scotland,https://big-cottages.com/games-room-cottages-scotland,"i'm looking to book a holiday in scotland, what are some good options","York,England,United Kingdom"
what_con_scot_from:Newcastle upon Tyne,1,cottages-and-castles.co.uk,Top Happiest Holiday Destinations In Scotland,https://www.cottages-and-castles.co.uk/guides/top-holiday-destinations-in-scotland,"i'm looking to book a holiday in scotland, what are some good options","Newcastle upon Tyne,England,United Kingdom"
what_con_scot_from:Newcastle upon Tyne,2,onthebeach.co.uk,Cheap Holidays to Scotland - On The Beach,https://www.onthebeach.co.uk/destinations/united-kingdom/scotland,"i'm looking to book a holiday in scotland, what are some good options","Newcastle upon Tyne,England,United Kingdom"
what_con_scot_from:Newcastle upon Tyne,3,visitscotland.com,VisitScotland - Scotland's National Tourist Organisation ...,https://www.visitscotland.com/,"i'm looking to book a holiday in scotland, what are some good options","Newcastle upon Tyne,England,United Kingdom"
what_con_scot_from:Newcastle upon Tyne,4,rabbies.com,How To Travel Scotland On A Budget - Rabbie's Tours,https://www.rabbies.com/en-gb/blog/scotland-on-a-budget,"i'm looking to book a holiday in scotland, what are some good options","Newcastle upon Tyne,England,United Kingdom"
what_con_scot_from:Newcastle upon Tyne,5,visitscotland.com,Affordable and Budget-Friendly Holidays in Scotland | VisitScotland,https://www.visitscotland.com/things-to-do/cheap-budget,"i'm looking to book a holiday in scotland, what are some good options","Newcastle upon Tyne,England,United Kingdom"
what_con_scot_from:Newcastle upon Tyne,6,watchmesee.com,27 Unique Places to Stay in Scotland: From Hotels to Self ...,https://watchmesee.com/blog/unique-places-to-stay-in-scotland/,"i'm looking to book a holiday in scotland, what are some good options","Newcastle upon Tyne,England,United Kingdom"
what_con_scot_from:Edinburgh,1,visitscotland.com,VisitScotland - Scotland's National Tourist Organisation ...,https://www.visitscotland.com/,"i'm looking to book a holiday in scotland, what are some good options","Edinburgh,Scotland,United Kingdom"
what_con_scot_from:Edinburgh,2,rabbies.com,How To Travel Scotland On A Budget - Rabbie's Tours,https://www.rabbies.com/en-gb/blog/scotland-on-a-budget,"i'm looking to book a holiday in scotland, what are some good options","Edinburgh,Scotland,United Kingdom"
what_con_scot_from:Edinburgh,3,easyjet.com,Scotland Holidays 2026 / 2027 - easyJet holidays,https://www.easyjet.com/en/holidays/united-kingdom/scotland,"i'm looking to book a holiday in scotland, what are some good options","Edinburgh,Scotland,United Kingdom"
what_con_scot_from:Edinburgh,4,whichcottage.com,Self-catering short break holiday cottages for rent in UK and Ireland,https://www.whichcottage.com/short.htm,"i'm looking to book a holiday in scotland, what are some good options","Edinburgh,Scotland,United Kingdom"
what_con_scot_from:Edinburgh,5,rosemount-hotel.co.uk,Weekend Breaks Pitlochry Scotland | Scotland Weekend Breaks,https://www.rosemount-hotel.co.uk/pitlochry-weekend-breaks/,"i'm looking to book a holiday in scotland, what are some good options","Edinburgh,Scotland,United Kingdom"
what_con_scot_from:Edinburgh,6,en.uhomes.com,6 Best Places to Live in Scotland: 2024 Guide | uhomes.com,https://en.uhomes.com/blog/best-places-to-live-in-scotland,"i'm looking to book a holiday in scotland, what are some good options","Edinburgh,Scotland,United Kingdom"
what_con_scot_from:Edinburgh,7,watchmesee.com,27 Unique Places to Stay in Scotland: From Hotels to Self ...,https://watchmesee.com/blog/unique-places-to-stay-in-scotland/,"i'm looking to book a holiday in scotland, what are some good options","Edinburgh,Scotland,United Kingdom"
what_con_scot_from:Edinburgh,8,cottages-and-castles.co.uk,Cities To Explore In Scotland - Cottages \u0026 Castles,https://www.cottages-and-castles.co.uk/guides/cities-in-scotland,"i'm looking to book a holiday in scotland, what are some good options","Edinburgh,Scotland,United Kingdom"
what_con_scot_from:Edinburgh,9,roamingrequired.com,21 Memorable Locations for Fantastic Day Trips from Glasgow - By Car,https://www.roamingrequired.com/day-trips-from-glasgow/,"i'm looking to book a holiday in scotland, what are some good options","Edinburgh,Scotland,United Kingdom"
what_con_scot_from:Edinburgh,10,visitscotland.com,Iconic Driving Routes \u0026 Road Trips in Scotland | VisitScotland,https://www.visitscotland.com/travel-planning/touring/scenic-driving-routes,"i'm looking to book a holiday in scotland, what are some good options","Edinburgh,Scotland,United Kingdom"
what_con_scot_from:Inverness,1,visitscotland.com,VisitScotland - Scotland's National Tourist Organisation ...,https://www.visitscotland.com/,"i'm looking to book a holiday in scotland, what are some good options","Inverness,Scotland,United Kingdom"
what_con_scot_from:Inverness,2,cottages-and-castles.co.uk,Top Happiest Holiday Destinations In Scotland,https://www.cottages-and-castles.co.uk/guides/top-holiday-destinations-in-scotland,"i'm looking to book a holiday in scotland, what are some good options","Inverness,Scotland,United Kingdom"
what_con_scot_from:Inverness,3,facebook.com,What are some good websites to book accommodation/bed and ...,https://www.facebook.com/groups/VisitScotland/posts/2056972941418255/,"i'm looking to book a holiday in scotland, what are some good options","Inverness,Scotland,United Kingdom"
what_con_scot_from:Inverness,4,onthebeach.co.uk,Cheap Holidays to Scotland - On The Beach,https://www.onthebeach.co.uk/destinations/united-kingdom/scotland,"i'm looking to book a holiday in scotland, what are some good options","Inverness,Scotland,United Kingdom"
what_con_scot_from:Inverness,5,lastminute.com,Cheap Scotland Holidays 2026/2027 | Deals from £160,https://www.lastminute.com/holidays/gb_united-kingdom/scotland-r3916087,"i'm looking to book a holiday in scotland, what are some good options","Inverness,Scotland,United Kingdom"
what_con_scot_from:Inverness,6,easyjet.com,Scotland Holidays 2026 / 2027 - EasyJet,https://www.easyjet.com/en/holidays/united-kingdom/scotland,"i'm looking to book a holiday in scotland, what are some good options","Inverness,Scotland,United Kingdom"
what_con_scot_from:Inverness,7,watchmesee.com,27 Unique Places to Stay in Scotland: From Hotels to Self ...,https://watchmesee.com/blog/unique-places-to-stay-in-scotland/,"i'm looking to book a holiday in scotland, what are some good options","Inverness,Scotland,United Kingdom"
what_con_scot_from:Glasgow,1,watchmesee.com,The Best of Scotland in One Week: An EPIC 8-Day Scotland Itinerary,https://watchmesee.com/blog/classic-scotland-itinerary/,"i'm looking to book a holiday in scotland, what are some good options","Glasgow,Scotland,United Kingdom"
what_con_scot_from:Glasgow,2,coolplaces.co.uk,Holidays in Scotland - Cool Places,https://www.coolplaces.co.uk/places-to-stay/uk/scotland,"i'm looking to book a holiday in scotland, what are some good options","Glasgow,Scotland,United Kingdom"
what_con_scot_from:Glasgow,3,facebook.com,Any recommendations for holidays in Scotland - Facebook,https://www.facebook.com/groups/36425784356/posts/10164316568509357/,"i'm looking to book a holiday in scotland, what are some good options","Glasgow,Scotland,United Kingdom"
what_con_scot_from:Glasgow,4,watchmesee.com,27 Unique Places to Stay in Scotland: From Hotels to Self ...,https://watchmesee.com/blog/unique-places-to-stay-in-scotland/,"i'm looking to book a holiday in scotland, what are some good options","Glasgow,Scotland,United Kingdom"
what_con_scot_from:Glasgow,5,facebook.com,What are good sites to search and book accommodation in Scotland ...,https://www.facebook.com/groups/ScotlandTravelGroup/posts/3211464815650821/,"i'm looking to book a holiday in scotland, what are some good options","Glasgow,Scotland,United Kingdom"
what_con_scot_from:Glasgow,6,facebook.com,What are the best booking sites for Scotland accommodations?,https://www.facebook.com/groups/ScotlandTravelGroup/posts/3284772788320023/,"i'm looking to book a holiday in scotland, what are some good options","Glasgow,Scotland,United Kingdom"
what_con_scot_from:Glasgow,7,luxurycottages.com,Top 10 Things to do in Scotland,https://luxurycottages.com/travel-journal/things-to-do-in-scotland/,"i'm looking to book a holiday in scotland, what are some good options","Glasgow,Scotland,United Kingdom"
what_con_scot_from:Glasgow,8,slaterhogg.co.uk,Discover the 5 best cities and towns to buy or rent in Scotland - Slater Hogg,https://www.slaterhogg.co.uk/blog/guides/best-cities-to-buy-or-rent-property-scotland,"i'm looking to book a holiday in scotland, what are some good options","Glasgow,Scotland,United Kingdom"
what_con_scot_from:Glasgow,9,absoluteescapes.com,Ultimate Guide to Visiting the Isle of Skye | 2026-27 Travel Blog,https://www.absoluteescapes.com/blog/ultimate-guide-to-visiting-the-isle-of-skye/,"i'm looking to book a holiday in scotland, what are some good options","Glasgow,Scotland,United Kingdom"
what_con_scot_from:Glasgow,10,absoluteescapes.com,9 of the Most Beautiful Islands in Scotland - Absolute Escapes,https://www.absoluteescapes.com/blog/9-most-beautiful-islands-in-scotland/,"i'm looking to book a holiday in scotland, what are some good options","Glasgow,Scotland,United Kingdom"
what_con_scot_from:Glasgow,11,mcintoshtours.co.uk,Multi Day Tours of Scotland,https://mcintoshtours.co.uk/multi-day-tours-of-scotland/,"i'm looking to book a holiday in scotland, what are some good options","Glasgow,Scotland,United Kingdom"
what_con_scot_from:Glasgow,12,scotlandswild.com,15 Breathtaking Places in Scotland That Will Capture Your Heart,https://www.scotlandswild.com/experience-scotlands-wild-blog-posts/where-to-fall-in-love-with-scotland-15-places-that-will-stay-with-you-forever,"i'm looking to book a holiday in scotland, what are some good options","Glasgow,Scotland,United Kingdom"
what_con_scot_from:Glasgow,13,carmoola.co.uk,The perfect London to Scotland road trip,https://www.carmoola.co.uk/blog/london-to-scotland-road-trip,"i'm looking to book a holiday in scotland, what are some good options","Glasgow,Scotland,United Kingdom"
what_con_scot_from:Glasgow,14,nethermilllodges.com,Things To Do,https://nethermilllodges.com/things-to-do/,"i'm looking to book a holiday in scotland, what are some good options","Glasgow,Scotland,United Kingdom"
what_con_scot_from:Glasgow,15,visitscotland.com,Loch Lomond - Holidays \u0026 Breaks | VisitScotland,https://www.visitscotland.com/places-to-go/loch-lomond,"i'm looking to book a holiday in scotland, what are some good options","Glasgow,Scotland,United Kingdom"
how_ncon_local_from:London,1,travelsupermarket.com,TravelSupermarket - Compare Travel Deals,https://www.travelsupermarket.com/,how can i book a holiday near me,"London,England,United Kingdom"
how_ncon_local_from:London,2,haystravel.co.uk,UK Staycations | Beach holidays | Country escapes,https://www.haystravel.co.uk/destinations/europe/united-kingdom/,how can i book a holiday near me,"London,England,United Kingdom"
how_ncon_local_from:London,3,healthservicediscounts.com,UK Holiday Parks NHS Discount Code,https://healthservicediscounts.com/travel/uk-holidays/uk-holiday-parks,how can i book a holiday near me,"London,England,United Kingdom"
how_ncon_local_from:London,4,wowcher.co.uk,Park deans,https://www.wowcher.co.uk/buy/park-deans,how can i book a holiday near me,"London,England,United Kingdom"
how_ncon_local_from:Bristol,1,lastminute-cottages.co.uk,Bristol Holiday Cottages | Late availability cottages,https://www.lastminute-cottages.co.uk/bristol-holiday-cottages,how can i book a holiday near me,"Bristol,England,United Kingdom"
how_ncon_local_from:Bristol,2,expedia.co.uk,Holiday Rentals North Bristol from £58 - Expedia,https://www.expedia.co.uk/North-Bristol-Holiday-Rentals.d6133424.Travel-Guide-HolidayRentals,how can i book a holiday near me,"Bristol,England,United Kingdom"
how_ncon_local_from:Bristol,3,parkdeanresorts.co.uk,UK Holiday Parks | Book a Caravan Holiday from £99 ...,https://www.parkdeanresorts.co.uk/,how can i book a holiday near me,"Bristol,England,United Kingdom"
how_ncon_local_from:Bristol,4,awayresorts.co.uk,Cheap Holidays \u0026 Breaks UK - Away Resorts,https://www.awayresorts.co.uk/latest-offers/cheap-holidays-uk/,how can i book a holiday near me,"Bristol,England,United Kingdom"
how_ncon_local_from:Cleethorpes,1,holidaysby.design,Holidays By Design | Travel Agents Cleethorpes,https://www.holidaysby.design/,how can i book a holiday near me,"Cleethorpes,England,United Kingdom"
how_ncon_local_from:Cleethorpes,2,expedia.co.uk,Package Holidays 2026/2027 | Expedia.co.uk,https://www.expedia.co.uk/Holidays,how can i book a holiday near me,"Cleethorpes,England,United Kingdom"
how_ncon_local_from:Cleethorpes,3,icelolly.com,icelolly.com - Compare Cheap Holidays,https://www.icelolly.com/,how can i book a holiday near me,"Cleethorpes,England,United Kingdom"
how_ncon_local_from:Cleethorpes,4,parkdeanresorts.co.uk,UK Holiday Parks | Book a Caravan Holiday from £99 ...,https://www.parkdeanresorts.co.uk/,how can i book a holiday near me,"Cleethorpes,England,United Kingdom"
how_ncon_local_from:Cleethorpes,5,expedia.co.uk,Holiday Rentals Cleethorpes from £84: Find Short-Term ... - Expedia,https://www.expedia.co.uk/Cleethorpes-Holiday-Rentals.d602551.Travel-Guide-HolidayRentals,how can i book a holiday near me,"Cleethorpes,England,United Kingdom"
how_ncon_local_from:Cleethorpes,6,firstchoice.co.uk,First Choice Holidays 2026 / 2027,https://www.firstchoice.co.uk/,how can i book a holiday near me,"Cleethorpes,England,United Kingdom"
how_ncon_local_from:Cleethorpes,7,kayak.co.uk,Search holiday packages on KAYAK,https://www.kayak.co.uk/holidays,how can i book a holiday near me,"Cleethorpes,England,United Kingdom"
how_ncon_local_from:Cleethorpes,8,haystravel.co.uk,Hays Travel: Secure Holidays 2026 / 2027 | UK's Largest ...,https://www.haystravel.co.uk/,how can i book a holiday near me,"Cleethorpes,England,United Kingdom"
how_ncon_local_from:Manchester,1,haystravel.co.uk,Hays Travel: Secure Holidays 2026 / 2027 | UK's Largest ...,https://www.haystravel.co.uk/,how can i book a holiday near me,"Manchester,England,United Kingdom"
how_ncon_local_from:Manchester,2,tui.co.uk,"TUI Holiday Store, 30 Market Street, Manchester | TUI.co.uk",https://www.tui.co.uk/shop-finder/tui-holiday-store-30-market-street-manchester,how can i book a holiday near me,"Manchester,England,United Kingdom"
how_ncon_local_from:Manchester,3,hoseasons.co.uk,Hoseasons | Book UK Holidays with £25 Deposit,https://www.hoseasons.co.uk/,how can i book a holiday near me,"Manchester,England,United Kingdom"
how_ncon_local_from:Manchester,4,lastminute.com,"Last minute holidays, hotels, flights \u0026 city breaks | lastminute ...",https://www.lastminute.com/,how can i book a holiday near me,"Manchester,England,United Kingdom"
how_ncon_local_from:Manchester,5,loveholidays.com,loveholidays ☀️ Holidays 2026/2027 | Deposits from £19pp,https://www.loveholidays.com/,how can i book a holiday near me,"Manchester,England,United Kingdom"
how_ncon_local_from:Manchester,6,parkdeanresorts.co.uk,Cheap Family Caravan Holidays 2026 from £99 at Parkdean Resorts,https://www.parkdeanresorts.co.uk/offers/cheap-uk-holidays/,how can i book a holiday near me,"Manchester,England,United Kingdom"
how_ncon_local_from:Manchester,7,firstchoice.co.uk,First Choice Holidays 2026 / 2027,https://www.firstchoice.co.uk/,how can i book a holiday near me,"Manchester,England,United Kingdom"
how_ncon_local_from:Manchester,8,cheapdealsaway.com,Cheap Holidays from Manchester – Deals \u0026 Last Minute Offers,https://cheapdealsaway.com/holidays-from-manchester-airport/,how can i book a holiday near me,"Manchester,England,United Kingdom"
how_ncon_local_from:York,1,wotif.com,York Holiday Packages \u0026 Deals 2026 - Wotif,https://www.wotif.com/York.d5489.Destination-Travel-Guides,how can i book a holiday near me,"York,England,United Kingdom"
how_ncon_local_from:York,2,cooptravel.co.uk,Co-op Travel: Stress Free Holidays | Low Deposits,https://www.cooptravel.co.uk/,how can i book a holiday near me,"York,England,United Kingdom"
how_ncon_local_from:York,3,travellinglark.com,Travel Agency Near Me: How to Find a Reliable Local Travel Expert,https://www.travellinglark.com/blog/travel-agency-near-me,how can i book a holiday near me,"York,England,United Kingdom"
how_ncon_local_from:York,4,icelolly.com,Cheap Family Holidays in 2026 from £229pp,https://www.icelolly.com/holidays/family-holidays,how can i book a holiday near me,"York,England,United Kingdom"
how_ncon_local_from:York,5,onthebeach.co.uk,Holiday Bookings with On the Beach,https://www.onthebeach.co.uk/bookings,how can i book a holiday near me,"York,England,United Kingdom"
how_ncon_local_from:Newcastle upon Tyne,1,tui.co.uk,"TUI Holiday Store, 127-129 Northumberland Street, Newcastle ...",https://www.tui.co.uk/shop-finder/tui-holiday-store-127-129-northumberland-street-newcastle-upon-tyne,how can i book a holiday near me,"Newcastle upon Tyne,England,United Kingdom"
how_ncon_local_from:Newcastle upon Tyne,2,tui.co.uk,Holidays from Newcastle Airport | TUI.co.uk,https://www.tui.co.uk/holidays/holidays-from-newcastle-airport,how can i book a holiday near me,"Newcastle upon Tyne,England,United Kingdom"
how_ncon_local_from:Newcastle upon Tyne,3,haystravel.co.uk,Newcastle upon Tyne - Hays Travel,https://www.haystravel.co.uk/branches/newcastle/,how can i book a holiday near me,"Newcastle upon Tyne,England,United Kingdom"
how_ncon_local_from:Newcastle upon Tyne,4,parkdeanresorts.co.uk,UK Holiday Parks | Book a Caravan Holiday from £99 ...,https://www.parkdeanresorts.co.uk/,how can i book a holiday near me,"Newcastle upon Tyne,England,United Kingdom"
how_ncon_local_from:Newcastle upon Tyne,5,hoseasons.co.uk,Hoseasons | Book UK Holidays with £25 Deposit,https://www.hoseasons.co.uk/,how can i book a holiday near me,"Newcastle upon Tyne,England,United Kingdom"
how_ncon_local_from:Newcastle upon Tyne,6,booking.com,The best holiday rentals in Newcastle upon Tyne - Booking.com,https://www.booking.com/booking-home/city/gb/newcastle-upon-tyne.en-gb.html,how can i book a holiday near me,"Newcastle upon Tyne,England,United Kingdom"
how_ncon_local_from:Newcastle upon Tyne,7,firstchoice.co.uk,First Choice Holidays 2026 / 2027,https://www.firstchoice.co.uk/,how can i book a holiday near me,"Newcastle upon Tyne,England,United Kingdom"
how_ncon_local_from:Newcastle upon Tyne,8,kayak.co.uk,Search holiday packages on KAYAK,https://www.kayak.co.uk/holidays,how can i book a holiday near me,"Newcastle upon Tyne,England,United Kingdom"
how_ncon_local_from:Newcastle upon Tyne,9,lastminute.com,"Last minute holidays, hotels, flights \u0026 city breaks | lastminute ...",https://www.lastminute.com/,how can i book a holiday near me,"Newcastle upon Tyne,England,United Kingdom"
how_ncon_local_from:Newcastle upon Tyne,10,cooptravel.co.uk,Co-op Travel: Stress Free Holidays | Low Deposits,https://www.cooptravel.co.uk/,how can i book a holiday near me,"Newcastle upon Tyne,England,United Kingdom"
how_ncon_local_from:Newcastle upon Tyne,11,lodgeswithhottubs.org.uk,Hot tub holidays - book with low deposit. Special Offer Lodges,https://www.lodgeswithhottubs.org.uk/help/special-offers/book-your-next-lodge-break-with-low-deposit.html,how can i book a holiday near me,"Newcastle upon Tyne,England,United Kingdom"
how_ncon_local_from:Newcastle upon Tyne,12,which.co.uk,Is it cheaper to book my holiday online or with a travel agent? - Which?,https://www.which.co.uk/news/article/cheapest-way-to-book-holiday-travel-agent-aARlh1F4SEUG,how can i book a holiday near me,"Newcastle upon Tyne,England,United Kingdom"
how_ncon_local_from:Newcastle upon Tyne,13,kayak.co.uk,Last-Minute Holiday Deals,https://www.kayak.co.uk/Last-Minute-Vacations.lmv-fd.ksp,how can i book a holiday near me,"Newcastle upon Tyne,England,United Kingdom"
how_ncon_local_from:Edinburgh,1,travelsupermarket.com,TravelSupermarket - Compare Travel Deals,https://www.travelsupermarket.com/,how can i book a holiday near me,"Edinburgh,Scotland,United Kingdom"
how_ncon_local_from:Edinburgh,2,expedia.co.uk,Holiday Rentals Edinburgh from £144: Find Short-Term Rentals \u0026 Holiday Accommodations,https://www.expedia.co.uk/Edinburgh-Holiday-Rentals.d6069845.Travel-Guide-HolidayRentals,how can i book a holiday near me,"Edinburgh,Scotland,United Kingdom"
how_ncon_local_from:Edinburgh,3,expedia.co.uk,Old Town Edinburgh Holidays 2026,https://www.expedia.co.uk/Old-Town-Edinburgh.d179568.Holidays-City-Breaks,how can i book a holiday near me,"Edinburgh,Scotland,United Kingdom"
how_ncon_local_from:Edinburgh,4,travelcounsellors.co.uk,Helen Birtwistle,https://www.travelcounsellors.co.uk/helen.b/,how can i book a holiday near me,"Edinburgh,Scotland,United Kingdom"
how_ncon_local_from:Edinburgh,5,cooptravel.co.uk,Co-op Travel: Stress Free Holidays | Low Deposits,https://www.cooptravel.co.uk/,how can i book a holiday near me,"Edinburgh,Scotland,United Kingdom"
how_ncon_local_from:Edinburgh,6,hendersonstravel.com,Hendersons Travel – Your friendly travel agencies in Hawick and Kelso,https://www.hendersonstravel.com/,how can i book a holiday near me,"Edinburgh,Scotland,United Kingdom"
how_ncon_local_from:Inverness,1,wowscotlandtours.com,Where to stay in Inverness | WOW Scotland's Guide,https://www.wowscotlandtours.com/blog/inverness-accommodation/,how can i book a holiday near me,"Inverness,Scotland,United Kingdom"
how_ncon_local_from:Inverness,2,parkdeanresorts.co.uk,UK Holiday Parks | Book a Caravan Holiday from £99 ...,https://www.parkdeanresorts.co.uk/,how can i book a holiday near me,"Inverness,Scotland,United Kingdom"
how_ncon_local_from:Inverness,3,icelolly.com,icelolly.com - Compare Cheap Holidays,https://www.icelolly.com/,how can i book a holiday near me,"Inverness,Scotland,United Kingdom"
how_ncon_local_from:Inverness,4,expedia.co.uk,Inverness Holiday Packages 2026 | Explore Top ... - Expedia,https://www.expedia.co.uk/Inverness.d1607.Holidays-City-Breaks,how can i book a holiday near me,"Inverness,Scotland,United Kingdom"
how_ncon_local_from:Inverness,5,topcashback.co.uk,"lastminute.com Offers, Discounts \u0026 Cashback Deals",https://www.topcashback.co.uk/lastminute/,how can i book a holiday near me,"Inverness,Scotland,United Kingdom"
how_ncon_local_from:Glasgow,1,travelsupermarket.com,TravelSupermarket - Compare Travel Deals,https://www.travelsupermarket.com/,how can i book a holiday near me,"Glasgow,Scotland,United Kingdom"
how_ncon_local_from:Glasgow,2,getsafeonline.org,Booking Holidays \u0026 Travel Safely Online,https://www.getsafeonline.org/holiday/,how can i book a holiday near me,"Glasgow,Scotland,United Kingdom"
how_ncon_local_from:Glasgow,3,almusafirtravel.co.uk,Umrah Travel Agency UK | Affordable Umrah \u0026 Hajj packages,https://almusafirtravel.co.uk/,how can i book a holiday near me,"Glasgow,Scotland,United Kingdom"
how_ncon_local_from:Glasgow,4,icelolly.com,icelolly.com - Compare Cheap Holidays,https://www.icelolly.com/,how can i book a holiday near me,"Glasgow,Scotland,United Kingdom"
how_ncon_local_from:Glasgow,5,kayak.co.uk,Search holiday packages on KAYAK,https://www.kayak.co.uk/holidays,how can i book a holiday near me,"Glasgow,Scotland,United Kingdom"
how_ncon_local_from:Glasgow,6,hoseasons.co.uk,Hoseasons | Book UK Holidays with £25 Deposit,https://www.hoseasons.co.uk/,how can i book a holiday near me,"Glasgow,Scotland,United Kingdom"
how_ncon_local_from:Glasgow,7,parkdeanresorts.co.uk,UK Holiday Parks | Book a Caravan Holiday from £99 ...,https://www.parkdeanresorts.co.uk/,how can i book a holiday near me,"Glasgow,Scotland,United Kingdom"
how_ncon_local_from:Glasgow,8,directholidayhomes.co.uk,Cheap family caravan holidays in the UK on popular holiday parks,https://www.directholidayhomes.co.uk/caravans,how can i book a holiday near me,"Glasgow,Scotland,United Kingdom"
how_ncon_eng_from:Bristol,1,travelsupermarket.com,Cheap UK Staycations,https://www.travelsupermarket.com/en-gb/hotels/uk-holidays/,how can i book a holiday in england,"Bristol,England,United Kingdom"
how_ncon_eng_from:Bristol,2,nationaltrust.org.uk,Top UK holiday destinations - National Trust,https://www.nationaltrust.org.uk/holidays/destinations,how can i book a holiday in england,"Bristol,England,United Kingdom"
how_ncon_eng_from:Bristol,3,awayresorts.co.uk,Cheap Holidays \u0026 Breaks UK - Away Resorts,https://www.awayresorts.co.uk/latest-offers/cheap-holidays-uk/,how can i book a holiday in england,"Bristol,England,United Kingdom"
how_ncon_eng_from:Cleethorpes,1,haystravel.co.uk,Hays Travel: Secure Holidays 2026 / 2027 | UK's Largest ...,https://www.haystravel.co.uk/,how can i book a holiday in england,"Cleethorpes,England,United Kingdom"
how_ncon_eng_from:Cleethorpes,2,haystravel.co.uk,UK Staycations | Beach holidays | Country escapes - Hays Travel,https://www.haystravel.co.uk/destinations/europe/united-kingdom/,how can i book a holiday in england,"Cleethorpes,England,United Kingdom"
how_ncon_eng_from:Cleethorpes,3,travelsupermarket.com,Cheap UK Staycations - TravelSupermarket,https://www.travelsupermarket.com/en-gb/hotels/uk-holidays/,how can i book a holiday in england,"Cleethorpes,England,United Kingdom"
how_ncon_eng_from:Cleethorpes,4,booking.com,"Booking.com | Official site | The best hotels, flights, car rentals ...",https://www.booking.com/index.en-gb.html,how can i book a holiday in england,"Cleethorpes,England,United Kingdom"
how_ncon_eng_from:Cleethorpes,5,awayresorts.co.uk,Cheap Holidays \u0026 Breaks UK - Away Resorts,https://www.awayresorts.co.uk/latest-offers/cheap-holidays-uk/,how can i book a holiday in england,"Cleethorpes,England,United Kingdom"
how_ncon_eng_from:Cleethorpes,6,tui.co.uk,Hotels in UK and Ireland | TUI.co.uk,https://www.tui.co.uk/destinations/deals/uk-hotel-only,how can i book a holiday in england,"Cleethorpes,England,United Kingdom"
how_ncon_eng_from:Cleethorpes,7,vrbo.com,House Rentals for Country Holidays,https://www.vrbo.com/en-gb/holiday-homes/destination-type/countryside/country-holidays,how can i book a holiday in england,"Cleethorpes,England,United Kingdom"
how_ncon_eng_from:Cleethorpes,8,nationaltrust.org.uk,Top UK holiday destinations - National Trust,https://www.nationaltrust.org.uk/holidays/destinations,how can i book a holiday in england,"Cleethorpes,England,United Kingdom"
how_ncon_eng_from:Cleethorpes,9,roadscholar.org,Travel Tips for England,https://www.roadscholar.org/travel-tips/england/,how can i book a holiday in england,"Cleethorpes,England,United Kingdom"
how_ncon_eng_from:Manchester,1,caravanandlodgeholidays.co.uk,2026 Last Minute Cheap Caravan Holidays Deals \u0026 Offers,https://www.caravanandlodgeholidays.co.uk/last-minute-caravan-holidays,how can i book a holiday in england,"Manchester,England,United Kingdom"
how_ncon_eng_from:Manchester,2,tui.co.uk,Hotels in UK and Ireland | TUI.co.uk,https://www.tui.co.uk/destinations/deals/uk-hotel-only,how can i book a holiday in england,"Manchester,England,United Kingdom"
how_ncon_eng_from:Manchester,3,booking.com,"Booking.com | Official site | The best hotels, flights, car rentals ...",https://www.booking.com/index.en-gb.html,how can i book a holiday in england,"Manchester,England,United Kingdom"
how_ncon_eng_from:Manchester,4,moneysavingexpert.com,Cheap package holidays: slash costs with late deals and haggling - MSE,https://www.moneysavingexpert.com/travel/cheap-holiday-haggling-guide/,how can i book a holiday in england,"Manchester,England,United Kingdom"
how_ncon_eng_from:Manchester,5,travelsupermarket.com,Understanding The New Term-Time Holiday Rules For Parents,https://www.travelsupermarket.com/en-gb/blog/family/new-term-time-holiday-rules-for-parents/,how can i book a holiday in england,"Manchester,England,United Kingdom"
how_ncon_eng_from:Manchester,6,nationaltrust.org.uk,Top UK holiday destinations - National Trust,https://www.nationaltrust.org.uk/holidays/destinations,how can i book a holiday in england,"Manchester,England,United Kingdom"
how_ncon_eng_from:Newcastle upon Tyne,1,tui.co.uk,"TUI.co.uk | Holidays, Flights \u0026 Cruises 2026 / 2027",https://www.tui.co.uk/,how can i book a holiday in england,"Newcastle upon Tyne,England,United Kingdom"
how_ncon_eng_from:Newcastle upon Tyne,2,travelsupermarket.com,Cheap UK Staycations - TravelSupermarket,https://www.travelsupermarket.com/en-gb/hotels/uk-holidays/,how can i book a holiday in england,"Newcastle upon Tyne,England,United Kingdom"
how_ncon_eng_from:Newcastle upon Tyne,3,tui.co.uk,Hotels in UK and Ireland | TUI.co.uk,https://www.tui.co.uk/destinations/deals/uk-hotel-only,how can i book a holiday in england,"Newcastle upon Tyne,England,United Kingdom"
how_ncon_eng_from:Newcastle upon Tyne,4,nordicvisitor.com,UK \u0026 Great Britain Vacation Packages 2026/2027,https://www.nordicvisitor.com/uk/best-sellers/,how can i book a holiday in england,"Newcastle upon Tyne,England,United Kingdom"
how_ncon_eng_from:Edinburgh,1,travelsupermarket.com,Cheap UK Staycations - TravelSupermarket,https://www.travelsupermarket.com/en-gb/hotels/uk-holidays/,how can i book a holiday in england,"Edinburgh,Scotland,United Kingdom"
how_ncon_eng_from:Edinburgh,2,loveholidays.com,UK Holidays | ATOL Protected 2026/2027 | loveholidays,https://www.loveholidays.com/holidays/united-kingdom-holidays.html,how can i book a holiday in england,"Edinburgh,Scotland,United Kingdom"
how_ncon_eng_from:Edinburgh,3,therarewelshbit.com,The Ultimate UK Holiday Packing Checklist,https://www.therarewelshbit.com/the-ultimate-uk-holiday-packing-checklist/,how can i book a holiday in england,"Edinburgh,Scotland,United Kingdom"
how_ncon_eng_from:Edinburgh,4,travelsupermarket.com,Compare Package Holiday Deals 2026 from £509pp,https://www.travelsupermarket.com/en-gb/holidays/,how can i book a holiday in england,"Edinburgh,Scotland,United Kingdom"
how_ncon_eng_from:Edinburgh,5,nationaltrust.org.uk,Top UK holiday destinations - National Trust,https://www.nationaltrust.org.uk/holidays/destinations,how can i book a holiday in england,"Edinburgh,Scotland,United Kingdom"
how_ncon_eng_from:Edinburgh,6,vrbo.com,Be inspired by country cottages in the UK,https://www.vrbo.com/en-gb/holiday-homes/destination-type/countryside/country-cottages-for-rent-uk,how can i book a holiday in england,"Edinburgh,Scotland,United Kingdom"
how_ncon_eng_from:Edinburgh,7,viator.com,What to do in South West England? The 15 Best Attractions (UPDATED 2026),https://www.viator.com/South-West-England/d23059,how can i book a holiday in england,"Edinburgh,Scotland,United Kingdom"
how_ncon_eng_from:Edinburgh,8,sofiaairport.bg,Things to Know Before Going to UK in 2025: Travel Tips,https://www.sofiaairport.bg/en/blog/travel-tips/uk-travel-tips-and-guide,how can i book a holiday in england,"Edinburgh,Scotland,United Kingdom"
how_ncon_eng_from:Edinburgh,9,ukguarantor.com,Top 5 Alternative Places To Visit In The UK - Rent Guarantor | Flats to Rent UK | UK Rent Guarantor Service,https://ukguarantor.com/blog/top-5-alternative-places-visit-uk,how can i book a holiday in england,"Edinburgh,Scotland,United Kingdom"
how_ncon_eng_from:Inverness,1,travelsupermarket.com,Cheap UK Staycations - TravelSupermarket,https://www.travelsupermarket.com/en-gb/hotels/uk-holidays/,how can i book a holiday in england,"Inverness,Scotland,United Kingdom"
how_ncon_eng_from:Inverness,2,britishairways.com,England holidays 2026/2027 | British Airways,https://www.britishairways.com/content/holidays/england,how can i book a holiday in england,"Inverness,Scotland,United Kingdom"
how_ncon_eng_from:Inverness,3,loveholidays.com,UK Holidays | ATOL Protected 2026/2027 | loveholidays,https://www.loveholidays.com/holidays/united-kingdom-holidays.html,how can i book a holiday in england,"Inverness,Scotland,United Kingdom"
how_ncon_eng_from:Inverness,4,loveholidays.com,England Holidays 2026/2027 | loveholidays,https://www.loveholidays.com/holidays/england-holidays.html,how can i book a holiday in england,"Inverness,Scotland,United Kingdom"
how_ncon_eng_from:Inverness,5,easyjet.com,United Kingdom Holidays 2026 / 2027 | £60 Deposit - EasyJet,https://www.easyjet.com/en/holidays/united-kingdom,how can i book a holiday in england,"Inverness,Scotland,United Kingdom"
how_ncon_eng_from:Inverness,6,londonpass.com,A Lazy Travellers Guide to Holiday Planning,https://londonpass.com/en/things-to-do/lazy-travellers-guide-to-planning-a-holiday,how can i book a holiday in england,"Inverness,Scotland,United Kingdom"
how_ncon_eng_from:Inverness,7,honeyguide.co.uk,Honeyguide Wildlife Holidays - booking and insurance,https://www.honeyguide.co.uk/book.htm,how can i book a holiday in england,"Inverness,Scotland,United Kingdom"
how_ncon_eng_from:Inverness,8,wowcher.co.uk,Resort stay,https://www.wowcher.co.uk/buy/resort-stay,how can i book a holiday in england,"Inverness,Scotland,United Kingdom"
how_ncon_eng_from:Inverness,9,visitscotland.com,Travel from England \u0026 Wales to Scotland,https://www.visitscotland.com/travel-planning/travel-from-england-wales,how can i book a holiday in england,"Inverness,Scotland,United Kingdom"
how_ncon_eng_from:Inverness,10,calloftheworld.com,Scotland,https://www.calloftheworld.com/destination/scotland/,how can i book a holiday in england,"Inverness,Scotland,United Kingdom"
how_ncon_eng_from:Inverness,11,coastradar.com,Your Step-by-Step UK Coast Planning Guide,https://coastradar.com/your-step-by-step-uk-coast-planning-guide/,how can i book a holiday in england,"Inverness,Scotland,United Kingdom"
how_ncon_eng_from:Inverness,12,vrbo.com,"Kent Holiday Rentals, England: Private House Rentals",https://www.vrbo.com/en-gb/holiday-rentals/united-kingdom/england/kent,how can i book a holiday in england,"Inverness,Scotland,United Kingdom"
how_ncon_eng_from:Inverness,13,trainsplit.com,Beat the Rush and Save: Your Guide to a UK Summer Staycation with TrainSplit,https://trainsplit.com/blog/uk-summer-holiday-train-travel-guide,how can i book a holiday in england,"Inverness,Scotland,United Kingdom"
how_ncon_eng_from:Glasgow,1,ulookubook.com,TravelSupermarket | Find the Best Deals,https://www.ulookubook.com/travel-supermarket,how can i book a holiday in england,"Glasgow,Scotland,United Kingdom"
how_ncon_eng_from:Glasgow,2,informi.co.uk,How to start a travel agency | Starting a travel agency guide,https://informi.co.uk/starting-business/how-to-start-a-travel-agency,how can i book a holiday in england,"Glasgow,Scotland,United Kingdom"
how_ncon_eng_from:Glasgow,3,numberonelondon.net,National Trust Holiday Lets – Number One London,https://numberonelondon.net/2011/12/national-trust-holiday-lets/,how can i book a holiday in england,"Glasgow,Scotland,United Kingdom"
how_ncon_eng_from:Glasgow,4,nationaltrust.org.uk,Holiday days across the UK | National Trust,https://www.nationaltrust.org.uk/holidays/cottages,how can i book a holiday in england,"Glasgow,Scotland,United Kingdom"
how_ncon_scot_from:London,1,visitscotland.com,VisitScotland - Scotland's National Tourist Organisation ...,https://www.visitscotland.com/,how can i book a holiday in scotland,"London,England,United Kingdom"
how_ncon_scot_from:London,2,tourradar.com,10 Best Scotland Tour Companies \u0026 Operators 2026/2027 - TourRadar,https://www.tourradar.com/g/scotland-tour-operators,how can i book a holiday in scotland,"London,England,United Kingdom"
how_ncon_scot_from:London,3,visitscotland.com,Accommodation in Scotland | VisitScotland,https://www.visitscotland.com/accommodation,how can i book a holiday in scotland,"London,England,United Kingdom"
how_ncon_scot_from:London,4,nordicvisitor.com,Scotland Vacation Packages 2026/2027,https://www.nordicvisitor.com/scotland/top-sellers/,how can i book a holiday in scotland,"London,England,United Kingdom"
how_ncon_scot_from:London,5,viator.com,Top Tips for Visiting the Scottish Highlands – Scotland Travel Tips | Viator.com,https://www.viator.com/blog/Scottish-Highlands-Tours-from-Edinburgh/l1418,how can i book a holiday in scotland,"London,England,United Kingdom"
how_ncon_scot_from:London,6,marriedinscotland.com,Ayrshire \u0026 South of Scotland,https://marriedinscotland.com/location-info/the-borders-lowlands/,how can i book a holiday in scotland,"London,England,United Kingdom"
how_ncon_scot_from:London,7,tourradar.com,Scotland is Calling,https://www.tourradar.com/mlp/scotland-is-calling,how can i book a holiday in scotland,"London,England,United Kingdom"
how_ncon_scot_from:London,8,nordicvisitor.com,Why You Should Spend Next Spring or Autumn in Scotland : Nordic Visitor,https://www.nordicvisitor.com/blog/visit-scotland-autumn-spring/,how can i book a holiday in scotland,"London,England,United Kingdom"
how_ncon_scot_from:London,9,celebritycruises.com,When Is the Best Time to Visit Scotland? - Celebrity Cruises,https://www.celebritycruises.com/blog/best-time-to-visit-scotland,how can i book a holiday in scotland,"London,England,United Kingdom"
how_ncon_scot_from:London,10,voyage-prive.co.uk,"Highlands Holidays Cottages, Scotland",https://www.voyage-prive.co.uk/offers/highland-cottages,how can i book a holiday in scotland,"London,England,United Kingdom"
how_ncon_scot_from:London,11,scotland.org,Getting Around Scotland,https://www.scotland.org/about-scotland/getting-around-scotland,how can i book a holiday in scotland,"London,England,United Kingdom"
how_ncon_scot_from:London,12,crerarhotels.com,The Ultimate Guide to Planning a Trip to Scotland - Crerar Hotels,https://www.crerarhotels.com/inspiration/blog/the-ultimate-guide-to-planning-a-trip-to-scotland/,how can i book a holiday in scotland,"London,England,United Kingdom"
how_ncon_scot_from:Bristol,1,budgetairporttaxis.co.uk,Useful Information Links,https://www.budgetairporttaxis.co.uk/links/,how can i book a holiday in scotland,"Bristol,England,United Kingdom"
how_ncon_scot_from:Bristol,2,reddit.com,Tips for first trip to Scotland : r/travel,https://www.reddit.com/r/travel/comments/1ho6n7p/tips_for_first_trip_to_scotland/,how can i book a holiday in scotland,"Bristol,England,United Kingdom"
how_ncon_scot_from:Bristol,3,lastminute.com,Edinburgh City Breaks | Cheap Breaks to Edinburgh | lastminute.com,https://www.lastminute.com/city-breaks/edinburgh,how can i book a holiday in scotland,"Bristol,England,United Kingdom"
how_ncon_scot_from:Bristol,4,britishairways.com,Scotland holidays 2026/2027 | Book with British Airways,https://www.britishairways.com/content/holidays/scotland,how can i book a holiday in scotland,"Bristol,England,United Kingdom"
how_ncon_scot_from:Bristol,5,nts.org.uk,Holiday accommodation - National Trust for Scotland,https://www.nts.org.uk/holiday-accommodation,how can i book a holiday in scotland,"Bristol,England,United Kingdom"
how_ncon_scot_from:Bristol,6,nts.org.uk,Hidden gem holidays in Scotland,https://www.nts.org.uk/stories/hidden-gem-holidays-in-scotland,how can i book a holiday in scotland,"Bristol,England,United Kingdom"
how_ncon_scot_from:Cleethorpes,1,holidaycottages.co.uk,Scotland Holiday Cottages - holidaycottages.co.uk,https://www.holidaycottages.co.uk/scotland,how can i book a holiday in scotland,"Cleethorpes,England,United Kingdom"
how_ncon_scot_from:Cleethorpes,2,booking.com,Holiday Rentals in Scotland - Booking.com,https://www.booking.com/booking-home/region/gb/scotland.en-gb.html,how can i book a holiday in scotland,"Cleethorpes,England,United Kingdom"
how_ncon_scot_from:Cleethorpes,3,britishairways.com,Scotland holidays 2026/2027 | Book with British Airways,https://www.britishairways.com/content/holidays/scotland,how can i book a holiday in scotland,"Cleethorpes,England,United Kingdom"
how_ncon_scot_from:Cleethorpes,4,mckinlaykidd.com,"Scotland Holidays \u0026 Tours, Tailor-Made, Self-Drive, Rail \u0026 Escorted",https://www.mckinlaykidd.com/scotland,how can i book a holiday in scotland,"Cleethorpes,England,United Kingdom"
how_ncon_scot_from:Cleethorpes,5,secludedsecrets.com,Secluded Holiday Cottages in Scotland,https://www.secludedsecrets.com/secluded-holiday-cottages-in-scotland,how can i book a holiday in scotland,"Cleethorpes,England,United Kingdom"
how_ncon_scot_from:Cleethorpes,6,nordicvisitor.com,Scotland Whisky Tours \u0026 Distillery Packages,https://www.nordicvisitor.com/scotland/whisky-distillery-tours/,how can i book a holiday in scotland,"Cleethorpes,England,United Kingdom"
how_ncon_scot_from:Cleethorpes,7,cottages.com,Scotland Short Cottage Breaks \u0026 Weekends Away,https://www.cottages.com/scotland/short-breaks,how can i book a holiday in scotland,"Cleethorpes,England,United Kingdom"
how_ncon_scot_from:Cleethorpes,8,woodleisure.co.uk,Holidays in Scotland | Family Breaks with Wood Leisure,https://www.woodleisure.co.uk/holidays-in-scotland/,how can i book a holiday in scotland,"Cleethorpes,England,United Kingdom"
how_ncon_scot_from:Cleethorpes,9,visitscotland.com,Self-Catering Holiday Accommodation in Scotland | VisitScotland,https://www.visitscotland.com/accommodation/self-catering,how can i book a holiday in scotland,"Cleethorpes,England,United Kingdom"
how_ncon_scot_from:Manchester,1,visitscotland.com,Accommodation in Scotland | VisitScotland,https://www.visitscotland.com/accommodation,how can i book a holiday in scotland,"Manchester,England,United Kingdom"
how_ncon_scot_from:Manchester,2,icelolly.com,Icelolly.com - Compare Cheap Holidays,https://www.icelolly.com/,how can i book a holiday in scotland,"Manchester,England,United Kingdom"
how_ncon_scot_from:Manchester,3,authenticvacations.com,Best Ireland and Scotland Tours - Call Now!,https://www.authenticvacations.com/europe/ireland-scotland-tours/,how can i book a holiday in scotland,"Manchester,England,United Kingdom"
how_ncon_scot_from:Manchester,4,intrepidusoutdoors.co.uk,Unique stays in Scotland,https://intrepidusoutdoors.co.uk/unique-accommodations-in-scotland,how can i book a holiday in scotland,"Manchester,England,United Kingdom"
how_ncon_scot_from:Manchester,5,nts.org.uk,Useful resources,https://www.nts.org.uk/accessibility/useful-resources,how can i book a holiday in scotland,"Manchester,England,United Kingdom"
how_ncon_scot_from:Manchester,6,tourradar.com,Scotland is Calling,https://www.tourradar.com/mlp/scotland-is-calling,how can i book a holiday in scotland,"Manchester,England,United Kingdom"
how_ncon_scot_from:Manchester,7,fooddrinkdestinations.com,Scotland Packing List - What To Wear In Scotland In All Seasons,https://fooddrinkdestinations.com/what-to-wear-in-scotland-packing-list-guide/,how can i book a holiday in scotland,"Manchester,England,United Kingdom"
how_ncon_scot_from:Manchester,8,wildernessscotland.com,Summer on Sale Promotion,https://www.wildernessscotland.com/promotion/summer-on-sale/,how can i book a holiday in scotland,"Manchester,England,United Kingdom"
how_ncon_scot_from:Manchester,9,goodjourney.org.uk,Good Journey – Aberdeen,https://www.goodjourney.org.uk/aberdeen/,how can i book a holiday in scotland,"Manchester,England,United Kingdom"
how_ncon_scot_from:Manchester,10,flightright.com,How to find and book a cheap holiday to save money,https://www.flightright.com/blog/book-a-cheap-vacation,how can i book a holiday in scotland,"Manchester,England,United Kingdom"
how_ncon_scot_from:Manchester,11,casheltravel.com,Group Travel in Scotland,https://casheltravel.com/dmc-scotland/group-travel/,how can i book a holiday in scotland,"Manchester,England,United Kingdom"
how_ncon_scot_from:Manchester,12,nts.org.uk,Scottish castle holidays,https://www.nts.org.uk/stories/scottish-castle-holidays,how can i book a holiday in scotland,"Manchester,England,United Kingdom"
how_ncon_scot_from:Manchester,13,nts.org.uk,Elopement weddings,https://www.nts.org.uk/stories/national-trust-for-scotland-elopement-package,how can i book a holiday in scotland,"Manchester,England,United Kingdom"
how_ncon_scot_from:Manchester,14,nts.org.uk,Egg-cellent Easter breaks in Scotland,https://www.nts.org.uk/stories/egg-cellent-easter-breaks,how can i book a holiday in scotland,"Manchester,England,United Kingdom"
how_ncon_scot_from:Manchester,15,woodleisure.co.uk,Holidays in Scotland | Family Breaks with Wood Leisure,https://www.woodleisure.co.uk/holidays-in-scotland/,how can i book a holiday in scotland,"Manchester,England,United Kingdom"
how_ncon_scot_from:York,1,dictionary.cambridge.org,HOW | English meaning - Cambridge Dictionary,https://dictionary.cambridge.org/dictionary/english/how,how can i book a holiday in scotland,"York,England,United Kingdom"
how_ncon_scot_from:York,2,collinsdictionary.com,HOW definition and meaning | Collins English Dictionary,https://www.collinsdictionary.com/dictionary/english/how,how can i book a holiday in scotland,"York,England,United Kingdom"
how_ncon_scot_from:York,3,dictionary.cambridge.org,HOW | meaning - Cambridge Learner's Dictionary,https://dictionary.cambridge.org/dictionary/learner-english/how,how can i book a holiday in scotland,"York,England,United Kingdom"
how_ncon_scot_from:York,4,youtube.com,,https://www.youtube.com/watch?v=YjFKMrxRKE0,how can i book a holiday in scotland,"York,England,United Kingdom"
how_ncon_scot_from:York,5,dictionary.cambridge.org,HOW | English meaning - Cambridge Essential British,https://dictionary.cambridge.org/dictionary/essential-british-english/how,how can i book a holiday in scotland,"York,England,United Kingdom"
how_ncon_scot_from:York,6,ldoceonline.com,how | meaning of how in Longman Dictionary of Contemporary English,https://www.ldoceonline.com/dictionary/how,how can i book a holiday in scotland,"York,England,United Kingdom"
how_ncon_scot_from:York,7,en.wiktionary.org,"how - Wiktionary, the free dictionary",https://en.wiktionary.org/wiki/how,how can i book a holiday in scotland,"York,England,United Kingdom"
how_ncon_scot_from:York,8,merriam-webster.com,HOW Definition & Meaning - Merriam-Webster,https://www.merriam-webster.com/dictionary/how,how can i book a holiday in scotland,"York,England,United Kingdom"
how_ncon_scot_from:York,9,dictionary.com,HOW Definition & Meaning | Dictionary.com,https://www.dictionary.com/browse/how,how can i book a holiday in scotland,"York,England,United Kingdom"
how_ncon_scot_from:York,10,dictionary.cambridge.org,How — English Grammar Today — Cambridge Dictionary,https://dictionary.cambridge.org/de/grammatik/britisch-grammatik/how,how can i book a holiday in scotland,"York,England,United Kingdom"
how_ncon_scot_from:York,11,etymonline.com,"How - Etymology, Origin & Meaning",https://www.etymonline.com/word/how,how can i book a holiday in scotland,"York,England,United Kingdom"
how_ncon_scot_from:York,12,youtube.com,Using HOW and WHAT in English,https://www.youtube.com/shorts/4zRZJ4fugkM,how can i book a holiday in scotland,"York,England,United Kingdom"
how_ncon_scot_from:York,13,youtube.com,how - YouTube,https://www.youtube.com/watch?v=YjFKMrxRKE0&t=7,how can i book a holiday in scotland,"York,England,United Kingdom"
how_ncon_scot_from:Newcastle upon Tyne,1,scotlandescape.com,Equipment Rental — Scotland Escape,https://www.scotlandescape.com/equipment-hire,how can i book a holiday in scotland,"Newcastle upon Tyne,England,United Kingdom"
how_ncon_scot_from:Newcastle upon Tyne,2,nts.org.uk,Useful resources,https://www.nts.org.uk/accessibility/useful-resources,how can i book a holiday in scotland,"Newcastle upon Tyne,England,United Kingdom"
how_ncon_scot_from:Newcastle upon Tyne,3,undiscoveredscotland.co.uk,National Trust for Scotland Holiday Accommodation on,https://www.undiscoveredscotland.co.uk/usfeatures/ntsaccommodation/index.html,how can i book a holiday in scotland,"Newcastle upon Tyne,England,United Kingdom"
how_ncon_scot_from:Newcastle upon Tyne,4,x.com,VisitScotland News (@VisitScotNews) / Posts / X,https://x.com/VisitScotNews,how can i book a holiday in scotland,"Newcastle upon Tyne,England,United Kingdom"
how_ncon_scot_from:Newcastle upon Tyne,5,shop.nts.org.uk,"Scottish Books, History Books \u0026 Gifts Inspired by Scotland",https://shop.nts.org.uk/collections/all-books?srsltid=AfmBOop4bZRLYeRJmBpPrsx6hudltZboVQQ2g6vDrC6Qt6xXGezM21yH,how can i book a holiday in scotland,"Newcastle upon Tyne,England,United Kingdom"
how_ncon_scot_from:Edinburgh,1,expedia.co.uk,Scotland All inclusive Holidays 2026,https://www.expedia.co.uk/lp/theme-holidays/all-inclusive-holidays/11219/Scotland,how can i book a holiday in scotland,"Edinburgh,Scotland,United Kingdom"
how_ncon_scot_from:Edinburgh,2,hostelworld.com,EPIC Scotland Road Trips ~ 12 Best Scottish Driving Tours (2026),https://www.hostelworld.com/blog/scotland-road-trip/,how can i book a holiday in scotland,"Edinburgh,Scotland,United Kingdom"
how_ncon_scot_from:Edinburgh,3,britishairways.com,Scotland holidays 2026/2027 | Book with British Airways,https://www.britishairways.com/content/holidays/scotland,how can i book a holiday in scotland,"Edinburgh,Scotland,United Kingdom"
how_ncon_scot_from:Edinburgh,4,booking.com,"The best self catering accommodation on Jersey, United Kingdom",https://www.booking.com/self-catering/region/gb/jersey.en-gb.html,how can i book a holiday in scotland,"Edinburgh,Scotland,United Kingdom"
how_ncon_scot_from:Edinburgh,5,hometogo.co.uk,Holiday homes \u0026 rentals in Scotland - HomeToGo,https://www.hometogo.co.uk/f/scotland/,how can i book a holiday in scotland,"Edinburgh,Scotland,United Kingdom"
how_ncon_scot_from:Edinburgh,6,visitscotland.com,Affordable and Budget-Friendly Holidays in Scotland | VisitScotland,https://www.visitscotland.com/things-to-do/cheap-budget,how can i book a holiday in scotland,"Edinburgh,Scotland,United Kingdom"
how_ncon_scot_from:Edinburgh,7,woodleisure.co.uk,Holidays in Scotland | Family Breaks with Wood Leisure,https://www.woodleisure.co.uk/holidays-in-scotland/,how can i book a holiday in scotland,"Edinburgh,Scotland,United Kingdom"
how_ncon_scot_from:Edinburgh,8,loveholidays.com,Cheap Holidays | ATOL Protected 2026/2027 | loveholidays,https://www.loveholidays.com/holidays/cheap-holidays.html,how can i book a holiday in scotland,"Edinburgh,Scotland,United Kingdom"
how_ncon_scot_from:Edinburgh,9,edinburghcastle.scot,Explorer Pass - Historic Scotland - Edinburgh Castle,https://www.edinburghcastle.scot/plan-your-visit/membership-and-explorer-pass/,how can i book a holiday in scotland,"Edinburgh,Scotland,United Kingdom"
how_ncon_scot_from:Inverness,1,britishairways.com,All-inclusive vacations 2026/2027 | Small deposits,https://www.britishairways.com/content/en/us/holidays/holiday-types/all-inclusive-holidays,how can i book a holiday in scotland,"Inverness,Scotland,United Kingdom"
how_ncon_scot_from:Inverness,2,tourradar.com,7-Day Scotland Tour Itinerary: Our Travelers Tried These,https://www.tourradar.com/n/scotland-7-day,how can i book a holiday in scotland,"Inverness,Scotland,United Kingdom"
how_ncon_scot_from:Inverness,3,cottages.com,Holiday Cottages in Scotland,https://www.cottages.com/scotland,how can i book a holiday in scotland,"Inverness,Scotland,United Kingdom"
how_ncon_scot_from:Inverness,4,nts.org.uk,Holiday accommodation - National Trust for Scotland,https://www.nts.org.uk/holiday-accommodation,how can i book a holiday in scotland,"Inverness,Scotland,United Kingdom"
how_ncon_scot_from:Inverness,5,cooksonadventures.com,Scotland's private estates: Highlands and islands,https://cooksonadventures.com/trips/scotlands-private-estates-highlands-and-islands/,how can i book a holiday in scotland,"Inverness,Scotland,United Kingdom"
how_ncon_scot_from:Inverness,6,nts.org.uk,Planning your visit,https://www.nts.org.uk/visit/places/house-of-the-binns/planning-your-visit,how can i book a holiday in scotland,"Inverness,Scotland,United Kingdom"
how_ncon_scot_from:Inverness,7,nationalgeographic.com,The essential guide to visiting Scotland | National Geographic,https://www.nationalgeographic.com/travel/article/the-essential-guide-to-visiting-scotland,how can i book a holiday in scotland,"Inverness,Scotland,United Kingdom"
how_ncon_scot_from:Inverness,8,adventurouskate.com,"Solo Female Travel in England, Scotland, and Wales - A UK Guide",https://www.adventurouskate.com/solo-female-travel-england-scotland-wales-uk-guide/,how can i book a holiday in scotland,"Inverness,Scotland,United Kingdom"
how_ncon_scot_from:Inverness,9,tourradar.com,10 Best Scotland Tour Companies \u0026 Operators 2026/2027 - TourRadar,https://www.tourradar.com/g/scotland-tour-operators,how can i book a holiday in scotland,"Inverness,Scotland,United Kingdom"
how_ncon_scot_from:Inverness,10,wanderlustcrew.com,"20 Easy Day Trips from Edinburgh, Scotland",https://wanderlustcrew.com/day-trips-from-edinburgh-scotland/,how can i book a holiday in scotland,"Inverness,Scotland,United Kingdom"
how_ncon_scot_from:Inverness,11,visitscotland.com,Accommodation in Scotland | VisitScotland,https://www.visitscotland.com/accommodation,how can i book a holiday in scotland,"Inverness,Scotland,United Kingdom"
how_con_local_from:London,1,reddit.com,"Where do you guys book your holidays, where do you go and ...",https://www.reddit.com/r/AskUK/comments/1qghncv/where_do_you_guys_book_your_holidays_where_do_you/,"i'm looking to book a holiday somewhere near me, how can i go about doing this","London,England,United Kingdom"
how_con_local_from:London,2,onthebeach.co.uk,Cheap Holidays 2026 / 2027 from £99 | ATOL Protected,https://www.onthebeach.co.uk/holidays/cheap,"i'm looking to book a holiday somewhere near me, how can i go about doing this","London,England,United Kingdom"
how_con_local_from:London,3,icelolly.com,Icelolly.com - Compare Cheap Holidays,https://www.icelolly.com/,"i'm looking to book a holiday somewhere near me, how can i go about doing this","London,England,United Kingdom"
how_con_local_from:London,4,haystravel.co.uk,UK Staycations | Beach holidays | Country escapes,https://www.haystravel.co.uk/destinations/europe/united-kingdom/,"i'm looking to book a holiday somewhere near me, how can i go about doing this","London,England,United Kingdom"
how_con_local_from:London,5,diywithjoy.com,10 Incredible Day Trips From London To Europe (2026),https://diywithjoy.com/10-incredible-day-trips-from-london-to-europe/,"i'm looking to book a holiday somewhere near me, how can i go about doing this","London,England,United Kingdom"
how_con_local_from:London,6,mummytravels.com,29 of the best day trips from London with kids - mummytravels,https://www.mummytravels.com/day-trips-from-london-with-kids/,"i'm looking to book a holiday somewhere near me, how can i go about doing this","London,England,United Kingdom"
how_con_local_from:London,7,mynextflight.com,Flight| All-inclusive Holidays| All-inclusive Holidays London | All Inclusive Holidays From London | London all-inclusive Holidays | London Airports,https://www.mynextflight.com/all-inclusive-holidays-from-london,"i'm looking to book a holiday somewhere near me, how can i go about doing this","London,England,United Kingdom"
how_con_local_from:London,8,avantiwestcoast.co.uk,Things to Do On Your Own in London,https://www.avantiwestcoast.co.uk/where-we-go/blog/things-to-do-on-your-own-in-london,"i'm looking to book a holiday somewhere near me, how can i go about doing this","London,England,United Kingdom"
how_con_local_from:London,9,thewisetraveller.com,Six British Seaside Towns to Visit All Year Round,https://www.thewisetraveller.com/Articles/view/?permalink=six-british-seaside-towns-to-visit-all-year-round,"i'm looking to book a holiday somewhere near me, how can i go about doing this","London,England,United Kingdom"
how_con_local_from:London,10,instagram.com,When the Earth view is here to prove these places actually exist in England 🇬🇧 @aestheticpassports follow for more!! Like and Save this to your 🚂🧜\u200d♀️ The best way to travel from London is by train as it takes less than an hour to reach the town Check for the zigzag path on the map for the scenic route to the beach Be careful if you are planning a picnic on the beach because the seagulls are too naughty 🦭 #googlearth #daytripfromlondon #ukbeaches,https://www.instagram.com/reel/DYNPo4RA9Bj/,"i'm looking to book a holiday somewhere near me, how can i go about doing this","London,England,United Kingdom"
how_con_local_from:London,11,onthebeach.co.uk,Family Holidays 2026 / 2027 from £99 - On The Beach,https://www.onthebeach.co.uk/holidays/family,"i'm looking to book a holiday somewhere near me, how can i go about doing this","London,England,United Kingdom"
how_con_local_from:Bristol,1,cooptravel.co.uk,Co-op Travel: Stress Free Holidays | Low Deposits,https://www.cooptravel.co.uk/,"i'm looking to book a holiday somewhere near me, how can i go about doing this","Bristol,England,United Kingdom"
how_con_local_from:Bristol,2,lastminute-cottages.co.uk,Bristol Holiday Cottages | Late availability cottages,https://www.lastminute-cottages.co.uk/bristol-holiday-cottages,"i'm looking to book a holiday somewhere near me, how can i go about doing this","Bristol,England,United Kingdom"
how_con_local_from:Bristol,3,reddit.com,"Where do you guys book your holidays, where do you go and ...",https://www.reddit.com/r/AskUK/comments/1qghncv/where_do_you_guys_book_your_holidays_where_do_you/,"i'm looking to book a holiday somewhere near me, how can i go about doing this","Bristol,England,United Kingdom"
how_con_local_from:Bristol,4,expedia.co.uk,Holiday Rentals Bristol from £229 - Expedia,https://www.expedia.co.uk/Bristol-Holiday-Rentals.d7059.Travel-Guide-HolidayRentals,"i'm looking to book a holiday somewhere near me, how can i go about doing this","Bristol,England,United Kingdom"
how_con_local_from:Bristol,5,onthebeach.co.uk,Cheap Holidays 2026 / 2027 from £99 | ATOL Protected,https://www.onthebeach.co.uk/holidays/cheap,"i'm looking to book a holiday somewhere near me, how can i go about doing this","Bristol,England,United Kingdom"
how_con_local_from:Cleethorpes,1,reddit.com,"Where do you guys book your holidays, where do you go and ...",https://www.reddit.com/r/AskUK/comments/1qghncv/where_do_you_guys_book_your_holidays_where_do_you/,"i'm looking to book a holiday somewhere near me, how can i go about doing this","Cleethorpes,England,United Kingdom"
how_con_local_from:Cleethorpes,2,google.com.bz,Prospect Farm Country Cottages – Google hotels,https://www.google.com.bz/travel/hotels/entity/CgoI_b6VtOTT6uMREAE,"i'm looking to book a holiday somewhere near me, how can i go about doing this","Cleethorpes,England,United Kingdom"
how_con_local_from:Cleethorpes,3,cozycozy.com,Cleethorpes Holiday Parks and RV rentals | cozycozy,https://www.cozycozy.com/gb/cleethorpes-holiday-parks,"i'm looking to book a holiday somewhere near me, how can i go about doing this","Cleethorpes,England,United Kingdom"
how_con_local_from:Cleethorpes,4,my.notjusttravel.co.uk,My Not Just Travel – All the information you need about your Not Just Travel booking,https://my.notjusttravel.co.uk/,"i'm looking to book a holiday somewhere near me, how can i go about doing this","Cleethorpes,England,United Kingdom"
how_con_local_from:Cleethorpes,5,holidaysby.design,Holidays By Design | Travel Agents Cleethorpes,https://www.holidaysby.design/,"i'm looking to book a holiday somewhere near me, how can i go about doing this","Cleethorpes,England,United Kingdom"
how_con_local_from:Cleethorpes,6,holidaysby.design,Holiday Enquiries - Cleethorpes — Holidays By Design,https://www.holidaysby.design/holiday-enquiries-cleethorpes,"i'm looking to book a holiday somewhere near me, how can i go about doing this","Cleethorpes,England,United Kingdom"
how_con_local_from:Cleethorpes,7,expedia.co.uk,"Cleethorpes Holiday Packages, Book Now | Expedia.co.uk",https://www.expedia.co.uk/Cleethorpes.d602551.Holidays-City-Breaks,"i'm looking to book a holiday somewhere near me, how can i go about doing this","Cleethorpes,England,United Kingdom"
how_con_local_from:Manchester,1,onthebeach.co.uk,Holidays from Manchester | £19pp Deposits,https://www.onthebeach.co.uk/holidays/from-manchester,"i'm looking to book a holiday somewhere near me, how can i go about doing this","Manchester,England,United Kingdom"
how_con_local_from:Manchester,2,tui.co.uk,Holidays from Manchester Airport | TUI.co.uk,https://www.tui.co.uk/holidays/holidays-from-manchester,"i'm looking to book a holiday somewhere near me, how can i go about doing this","Manchester,England,United Kingdom"
how_con_local_from:Manchester,3,visitpeakdistrict.com,Where to Stay - Visit Peak District \u0026 Derbyshire,https://visitpeakdistrict.com/business-directory/category/where-to-stay,"i'm looking to book a holiday somewhere near me, how can i go about doing this","Manchester,England,United Kingdom"
how_con_local_from:Manchester,4,reddit.com,"Where do you guys book your holidays, where do you go and ...",https://www.reddit.com/r/AskUK/comments/1qghncv/where_do_you_guys_book_your_holidays_where_do_you/,"i'm looking to book a holiday somewhere near me, how can i go about doing this","Manchester,England,United Kingdom"
how_con_local_from:Manchester,5,onthebeach.co.uk,Last Minute Holidays from £99 - On The Beach,https://www.onthebeach.co.uk/holidays/last-minute-holidays,"i'm looking to book a holiday somewhere near me, how can i go about doing this","Manchester,England,United Kingdom"
how_con_local_from:Manchester,6,sunshine.co.uk,Very Cheap Holidays with Sunshine.co.uk | ATOL Protected,https://www.sunshine.co.uk/,"i'm looking to book a holiday somewhere near me, how can i go about doing this","Manchester,England,United Kingdom"
how_con_local_from:Manchester,7,expedia.co.uk,Holiday Rentals Manchester from £40: Find Short-Term ... - Expedia,https://www.expedia.co.uk/Manchester-Holiday-Rentals.d2205.Travel-Guide-HolidayRentals,"i'm looking to book a holiday somewhere near me, how can i go about doing this","Manchester,England,United Kingdom"
how_con_local_from:Manchester,8,coolplaces.co.uk,Best Weekend Escapes from Manchester - Cool Places,https://www.coolplaces.co.uk/places-to-stay/uk/england/weekend-escapes-from-manchester,"i'm looking to book a holiday somewhere near me, how can i go about doing this","Manchester,England,United Kingdom"
how_con_local_from:Manchester,9,onthebeach.co.uk,Package Holiday Deals 2026 / 2027 from £99 | Low £19pp Deposits,https://www.onthebeach.co.uk/holidays/holiday-packages,"i'm looking to book a holiday somewhere near me, how can i go about doing this","Manchester,England,United Kingdom"
how_con_local_from:York,1,hometogo.co.uk,Holiday homes \u0026 rentals in York - HomeToGo,https://www.hometogo.co.uk/f/york/,"i'm looking to book a holiday somewhere near me, how can i go about doing this","York,England,United Kingdom"
how_con_local_from:York,2,onthebeach.co.uk,Cheap Holidays 2026 / 2027 from £99 | ATOL Protected,https://www.onthebeach.co.uk/holidays/cheap,"i'm looking to book a holiday somewhere near me, how can i go about doing this","York,England,United Kingdom"
how_con_local_from:York,3,reddit.com,"Where do you guys book your holidays, where do you go and ...",https://www.reddit.com/r/AskUK/comments/1qghncv/where_do_you_guys_book_your_holidays_where_do_you/,"i'm looking to book a holiday somewhere near me, how can i go about doing this","York,England,United Kingdom"
how_con_local_from:York,4,haystravel.co.uk,Hays Travel: Secure Holidays 2026 / 2027,https://www.haystravel.co.uk/,"i'm looking to book a holiday somewhere near me, how can i go about doing this","York,England,United Kingdom"
how_con_local_from:York,5,cooptravel.co.uk,Co-op Travel: Stress Free Holidays | Low Deposits,https://www.cooptravel.co.uk/,"i'm looking to book a holiday somewhere near me, how can i go about doing this","York,England,United Kingdom"
how_con_local_from:York,6,staysyork.com,Stays York: York Accommodation | Holiday Lets In York,https://www.staysyork.com/,"i'm looking to book a holiday somewhere near me, how can i go about doing this","York,England,United Kingdom"
how_con_local_from:York,7,booking.com,York vacations - Get great offers for cheap vacations,https://www.booking.com/holidays/city/gb/york.html,"i'm looking to book a holiday somewhere near me, how can i go about doing this","York,England,United Kingdom"
how_con_local_from:York,8,howmanyholidays.com,tips \u0026 deals – how many holidays,https://howmanyholidays.com/category/tips-deals/,"i'm looking to book a holiday somewhere near me, how can i go about doing this","York,England,United Kingdom"
how_con_local_from:York,9,hometogo.com,York Vacation Rentals,https://www.hometogo.com/york/,"i'm looking to book a holiday somewhere near me, how can i go about doing this","York,England,United Kingdom"
how_con_local_from:York,10,visittheyorkshiredales.co.uk,"Accommodation in York, Stay In York",https://visittheyorkshiredales.co.uk/feature3.php,"i'm looking to book a holiday somewhere near me, how can i go about doing this","York,England,United Kingdom"
how_con_local_from:York,11,judgeslodgingyork.co.uk,Things to do in York,https://www.judgeslodgingyork.co.uk/things-to-do,"i'm looking to book a holiday somewhere near me, how can i go about doing this","York,England,United Kingdom"
how_con_local_from:York,12,mobiles.co.uk,Plan Your Summer Holiday Using Only Your Smartphone,https://www.mobiles.co.uk/blog/smartphone-summer-holiday/?srsltid=AfmBOooyrU4TookqEotij68zUwfz_HxFGBOteWrm19WjGZ0-bVAeXwrK,"i'm looking to book a holiday somewhere near me, how can i go about doing this","York,England,United Kingdom"
how_con_local_from:Newcastle upon Tyne,1,reddit.com,"Where do you guys book your holidays, where do you go and ...",https://www.reddit.com/r/AskUK/comments/1qghncv/where_do_you_guys_book_your_holidays_where_do_you/,"i'm looking to book a holiday somewhere near me, how can i go about doing this","Newcastle upon Tyne,England,United Kingdom"
how_con_local_from:Newcastle upon Tyne,2,woodenstarcottages.co.uk,Wooden Star Cottages - Northumberland Holiday Accommodation,https://woodenstarcottages.co.uk/,"i'm looking to book a holiday somewhere near me, how can i go about doing this","Newcastle upon Tyne,England,United Kingdom"
how_con_local_from:Newcastle upon Tyne,3,expedia.co.uk,Newcastle-upon-Tyne Holiday Packages - Expedia,https://www.expedia.co.uk/Newcastle-Upon-Tyne.d6084526.Holidays-City-Breaks,"i'm looking to book a holiday somewhere near me, how can i go about doing this","Newcastle upon Tyne,England,United Kingdom"
how_con_local_from:Newcastle upon Tyne,4,holidaygems.co.uk,On the Beach Price Match Promise - We'll beat any onthebeach.co.uk Price,https://www.holidaygems.co.uk/on-the-beach,"i'm looking to book a holiday somewhere near me, how can i go about doing this","Newcastle upon Tyne,England,United Kingdom"
how_con_local_from:Newcastle upon Tyne,5,haystravel.co.uk,Hays Travel: Secure Holidays 2026 / 2027,https://www.haystravel.co.uk/,"i'm looking to book a holiday somewhere near me, how can i go about doing this","Newcastle upon Tyne,England,United Kingdom"
how_con_local_from:Newcastle upon Tyne,6,mybudgetbreak.com,Great City Breaks From Newcastle Airport 2026/2027,https://www.mybudgetbreak.com/city-breaks/from-newcastle,"i'm looking to book a holiday somewhere near me, how can i go about doing this","Newcastle upon Tyne,England,United Kingdom"
how_con_local_from:Inverness,1,uktravelplanning.com,Scottish Highlands Travel Guide,https://uktravelplanning.com/scottish-highlands-travel-guide/,"i'm looking to book a holiday somewhere near me, how can i go about doing this","Inverness,Scotland,United Kingdom"
how_con_local_from:Inverness,2,reddit.com,How do you plan your Holidays outside of the UK? : r/AskUK,https://www.reddit.com/r/AskUK/comments/1jr7blt/how_do_you_plan_your_holidays_outside_of_the_uk/,"i'm looking to book a holiday somewhere near me, how can i go about doing this","Inverness,Scotland,United Kingdom"
how_con_local_from:Inverness,3,nationaltrust.org.uk,Our new holiday cottages,https://www.nationaltrust.org.uk/holidays/new,"i'm looking to book a holiday somewhere near me, how can i go about doing this","Inverness,Scotland,United Kingdom"
how_con_local_from:Inverness,4,icelolly.com,icelolly.com - Compare Cheap Holidays,https://www.icelolly.com/,"i'm looking to book a holiday somewhere near me, how can i go about doing this","Inverness,Scotland,United Kingdom"
how_con_local_from:Inverness,5,haystravel.co.uk,Hays Travel: Secure Holidays 2026 / 2027 | UK's Largest ...,https://www.haystravel.co.uk/,"i'm looking to book a holiday somewhere near me, how can i go about doing this","Inverness,Scotland,United Kingdom"
how_con_local_from:Inverness,6,alialtravelgal.com,10 Best Websites for Planning a Trip (Cheap Flights \u0026 Hotels),https://alialtravelgal.com/best-websites-for-planning-a-trip/,"i'm looking to book a holiday somewhere near me, how can i go about doing this","Inverness,Scotland,United Kingdom"
how_con_local_from:Inverness,7,reddit.com,Where to go on holiday during May half term? : r/AskUK,https://www.reddit.com/r/AskUK/comments/1sxbehi/where_to_go_on_holiday_during_may_half_term/,"i'm looking to book a holiday somewhere near me, how can i go about doing this","Inverness,Scotland,United Kingdom"
how_con_local_from:Glasgow,1,reddit.com,"Where do you guys book your holidays, where do you go and ...",https://www.reddit.com/r/AskUK/comments/1qghncv/where_do_you_guys_book_your_holidays_where_do_you/,"i'm looking to book a holiday somewhere near me, how can i go about doing this","Glasgow,Scotland,United Kingdom"
how_con_local_from:Glasgow,2,visitscotland.com,Affordable and Budget-Friendly Holidays in Scotland | VisitScotland,https://www.visitscotland.com/things-to-do/cheap-budget,"i'm looking to book a holiday somewhere near me, how can i go about doing this","Glasgow,Scotland,United Kingdom"
how_con_local_from:Glasgow,3,facebook.com,Couple of questions. What is the best place to book package ...,https://www.facebook.com/groups/690259062576157/posts/913976820204379/,"i'm looking to book a holiday somewhere near me, how can i go about doing this","Glasgow,Scotland,United Kingdom"
how_con_local_from:Glasgow,4,onthebeach.co.uk,Where's Hot? | Holidays with Super-Low £19pp Deposits,https://www.onthebeach.co.uk/holidays/wheres-hot,"i'm looking to book a holiday somewhere near me, how can i go about doing this","Glasgow,Scotland,United Kingdom"
how_con_local_from:Glasgow,5,onthebeach.co.uk,Single Parent 2026 / 2027 Holidays from £99 | On the Beach,https://www.onthebeach.co.uk/holidays/single-parent-holidays,"i'm looking to book a holiday somewhere near me, how can i go about doing this","Glasgow,Scotland,United Kingdom"
how_con_local_from:Glasgow,6,onthebeach.co.uk,Cheap Holidays 2026 / 2027 from £99 | ATOL Protected,https://www.onthebeach.co.uk/holidays/cheap,"i'm looking to book a holiday somewhere near me, how can i go about doing this","Glasgow,Scotland,United Kingdom"
how_con_local_from:Glasgow,7,sunshine.co.uk,Last Minute Holidays | Last Minute Holiday Deals,https://www.sunshine.co.uk/last-minute-holidays/,"i'm looking to book a holiday somewhere near me, how can i go about doing this","Glasgow,Scotland,United Kingdom"
how_con_local_from:Glasgow,8,holidaygems.co.uk,Holiday Gems - Find Your Dream Low Cost Holiday,https://www.holidaygems.co.uk/,"i'm looking to book a holiday somewhere near me, how can i go about doing this","Glasgow,Scotland,United Kingdom"
how_con_eng_from:London,1,postoffice.co.uk,Do I need travel insurance for a UK break or staycation?,https://www.postoffice.co.uk/travel-insurance/guides/do-i-need-insurance-for-a-uk-break,"i'm looking to book a holiday somewhere in england, how can i go about doing this","London,England,United Kingdom"
how_con_eng_from:London,2,youtube.com,How to Find the Best Cheap Holidays: Insider Tips \u0026 Tricks!,https://www.youtube.com/watch?v=EcKIBWddlSc&t=11,"i'm looking to book a holiday somewhere in england, how can i go about doing this","London,England,United Kingdom"
how_con_eng_from:London,3,youtube.com,BEST WAY to book a holiday,https://www.youtube.com/shorts/A2t3kp5bRfY,"i'm looking to book a holiday somewhere in england, how can i go about doing this","London,England,United Kingdom"
how_con_eng_from:London,4,onthebeach.co.uk,Holidays from £99 | Super-Low deposits from £19pp - On The Beach,https://www.onthebeach.co.uk/holidays,"i'm looking to book a holiday somewhere in england, how can i go about doing this","London,England,United Kingdom"
how_con_eng_from:London,5,sykescottages.co.uk,How to Book a UK Holiday on a Budget - Sykes Cottages,https://www.sykescottages.co.uk/blog/booking-budget-holidays-uk/,"i'm looking to book a holiday somewhere in england, how can i go about doing this","London,England,United Kingdom"
how_con_eng_from:London,6,reddit.com,How do you book your cheap holidays? : r/AskUK - Reddit,https://www.reddit.com/r/AskUK/comments/1qdxv6x/how_do_you_book_your_cheap_holidays/,"i'm looking to book a holiday somewhere in england, how can i go about doing this","London,England,United Kingdom"
how_con_eng_from:London,7,tripadvisor.co.uk,Affordable holiday in uk - England Message Board - Tripadvisor,https://www.tripadvisor.co.uk/ShowTopic-g186217-i16-k14296696-Affordable_holiday_in_uk-England.html,"i'm looking to book a holiday somewhere in england, how can i go about doing this","London,England,United Kingdom"
how_con_eng_from:London,8,sykescottages.co.uk,Free Days Out UK: Your Guide to Exploring on a Budget | Sykes Holiday Cottages,https://www.sykescottages.co.uk/blog/free-days-out/,"i'm looking to book a holiday somewhere in england, how can i go about doing this","London,England,United Kingdom"
how_con_eng_from:London,9,snaptrip.com,South West England Holiday Cottages - Book your holiday accommodation with Snaptrip,https://www.snaptrip.com/holiday-cottages/south-west,"i'm looking to book a holiday somewhere in england, how can i go about doing this","London,England,United Kingdom"
how_con_eng_from:London,10,vrbo.com,Relax with your family in a holiday house,https://www.vrbo.com/en-gb/travel/holiday-homes,"i'm looking to book a holiday somewhere in england, how can i go about doing this","London,England,United Kingdom"
how_con_eng_from:London,11,onthebeach.co.uk,Package Holiday Deals 2026 / 2027 from £99 | Low £19pp Deposits,https://www.onthebeach.co.uk/holidays/holiday-packages,"i'm looking to book a holiday somewhere in england, how can i go about doing this","London,England,United Kingdom"
how_con_eng_from:London,12,etabroad.com,Tips How to Find Comfortable and Cheap Hotel,https://etabroad.com/en/tips-how-to-find-cheap-hotel/,"i'm looking to book a holiday somewhere in england, how can i go about doing this","London,England,United Kingdom"
how_con_eng_from:London,13,visitbritain.com,UK Transport \u0026 Travelling Around Britain | VisitBritain,https://www.visitbritain.com/en/plan-your-trip/travelling-around-britain,"i'm looking to book a holiday somewhere in england, how can i go about doing this","London,England,United Kingdom"
how_con_eng_from:Bristol,1,postoffice.co.uk,Do I need travel insurance for a UK break or staycation?,https://www.postoffice.co.uk/travel-insurance/guides/do-i-need-insurance-for-a-uk-break,"i'm looking to book a holiday somewhere in england, how can i go about doing this","Bristol,England,United Kingdom"
how_con_eng_from:Bristol,2,onthebeach.co.uk,Holidays from £99 | Super-Low deposits from £19pp - On The Beach,https://www.onthebeach.co.uk/holidays,"i'm looking to book a holiday somewhere in england, how can i go about doing this","Bristol,England,United Kingdom"
how_con_eng_from:Bristol,3,sykescottages.co.uk,How to Book a UK Holiday on a Budget - Sykes Cottages,https://www.sykescottages.co.uk/blog/booking-budget-holidays-uk/,"i'm looking to book a holiday somewhere in england, how can i go about doing this","Bristol,England,United Kingdom"
how_con_eng_from:Bristol,4,reddit.com,How do you book your cheap holidays? : r/AskUK - Reddit,https://www.reddit.com/r/AskUK/comments/1qdxv6x/how_do_you_book_your_cheap_holidays/,"i'm looking to book a holiday somewhere in england, how can i go about doing this","Bristol,England,United Kingdom"
how_con_eng_from:Bristol,5,tripadvisor.co.uk,Affordable holiday in uk - England Message Board - Tripadvisor,https://www.tripadvisor.co.uk/ShowTopic-g186217-i16-k14296696-Affordable_holiday_in_uk-England.html,"i'm looking to book a holiday somewhere in england, how can i go about doing this","Bristol,England,United Kingdom"
how_con_eng_from:Bristol,6,voyage-prive.co.uk,Best holiday destination in the UK,https://www.voyage-prive.co.uk/offers/best-holiday-destination-uk,"i'm looking to book a holiday somewhere in england, how can i go about doing this","Bristol,England,United Kingdom"
how_con_eng_from:Bristol,7,holidaygems.co.uk,Holiday Gems - Find Your Dream Low Cost Holiday,https://www.holidaygems.co.uk/,"i'm looking to book a holiday somewhere in england, how can i go about doing this","Bristol,England,United Kingdom"
how_con_eng_from:Bristol,8,saily.com,Best time to visit the UK: Monthly weather and travel guide,https://saily.com/blog/best-time-to-visit-uk/,"i'm looking to book a holiday somewhere in england, how can i go about doing this","Bristol,England,United Kingdom"
how_con_eng_from:Bristol,9,emilycapell.co.uk,How to Plan a Trip to England: The Ultimate Step-by-Step Guide for 2026,https://emilycapell.co.uk/how-to-plan-a-trip-to-england-the-ultimate-step-by-step-guide-for,"i'm looking to book a holiday somewhere in england, how can i go about doing this","Bristol,England,United Kingdom"
how_con_eng_from:Bristol,10,gov.uk,Consultation on a registration scheme for short-term lets in England,https://www.gov.uk/government/consultations/consultation-on-a-registration-scheme-for-short-term-lets-in-england/consultation-on-a-registration-scheme-for-short-term-lets-in-england,"i'm looking to book a holiday somewhere in england, how can i go about doing this","Bristol,England,United Kingdom"
how_con_eng_from:Cleethorpes,1,tripadvisor.co.uk,Affordable holiday in uk - England Message Board - Tripadvisor,https://www.tripadvisor.co.uk/ShowTopic-g186217-i16-k14296696-Affordable_holiday_in_uk-England.html,"i'm looking to book a holiday somewhere in england, how can i go about doing this","Cleethorpes,England,United Kingdom"
how_con_eng_from:Cleethorpes,2,postoffice.co.uk,Do I need travel insurance for a UK break or staycation?,https://www.postoffice.co.uk/travel-insurance/guides/do-i-need-insurance-for-a-uk-break,"i'm looking to book a holiday somewhere in england, how can i go about doing this","Cleethorpes,England,United Kingdom"
how_con_eng_from:Cleethorpes,3,sykescottages.co.uk,How to Book a UK Holiday on a Budget - Sykes Cottages,https://www.sykescottages.co.uk/blog/booking-budget-holidays-uk/,"i'm looking to book a holiday somewhere in england, how can i go about doing this","Cleethorpes,England,United Kingdom"
how_con_eng_from:Cleethorpes,4,poferries.com,Plan Your Trip To England | Visit England,https://www.poferries.com/en/inspire-me/destinations/great-britain/plan-your-trip-to-england,"i'm looking to book a holiday somewhere in england, how can i go about doing this","Cleethorpes,England,United Kingdom"
how_con_eng_from:Cleethorpes,5,visitbritain.org,Researching and Planning a holiday,https://www.visitbritain.org/media/752/download?attachment,"i'm looking to book a holiday somewhere in england, how can i go about doing this","Cleethorpes,England,United Kingdom"
how_con_eng_from:Cleethorpes,6,worldtraveltoucan.com,Our Ultimate Guide to booking your Orlando holiday for 2022 (from the UK),https://worldtraveltoucan.com/guide-to-booking-holiday-to-orlando/,"i'm looking to book a holiday somewhere in england, how can i go about doing this","Cleethorpes,England,United Kingdom"
how_con_eng_from:Cleethorpes,7,sykescottages.co.uk,Cottages for Staycations UK | Sykes Holiday Cottages,https://www.sykescottages.co.uk/staycation-uk.html,"i'm looking to book a holiday somewhere in england, how can i go about doing this","Cleethorpes,England,United Kingdom"
how_con_eng_from:Cleethorpes,8,uklodgebreaks.com,Lodges by the Sea,https://www.uklodgebreaks.com/by-the-sea.html,"i'm looking to book a holiday somewhere in england, how can i go about doing this","Cleethorpes,England,United Kingdom"
how_con_eng_from:Cleethorpes,9,oneoffplaces.co.uk,Beachfront Holiday Accommodation \u0026 Cottages,https://www.oneoffplaces.co.uk/ideas-and-inspiration/beachfront-beauties,"i'm looking to book a holiday somewhere in england, how can i go about doing this","Cleethorpes,England,United Kingdom"
how_con_eng_from:Cleethorpes,10,burleynewforest.co.uk,Beach holidays UK: discover the best seaside escapes in England,https://www.burleynewforest.co.uk/best-beach-holidays-uk-destinations/,"i'm looking to book a holiday somewhere in england, how can i go about doing this","Cleethorpes,England,United Kingdom"
how_con_eng_from:Cleethorpes,11,dorsetcoastalcottages.com,Duplicate Destinations,https://www.dorsetcoastalcottages.com/guides/duplicate-destinations,"i'm looking to book a holiday somewhere in england, how can i go about doing this","Cleethorpes,England,United Kingdom"
how_con_eng_from:Cleethorpes,12,chimptrips.com,10 of the best UK holiday ideas for families,https://chimptrips.com/best-uk-staycation-ideas-for-families/,"i'm looking to book a holiday somewhere in england, how can i go about doing this","Cleethorpes,England,United Kingdom"
how_con_eng_from:Cleethorpes,13,facebook.com,Scotland Accommodation App for VRBO Alternative,https://www.facebook.com/groups/ScotlandTravelGroup/posts/3493904394073527/,"i'm looking to book a holiday somewhere in england, how can i go about doing this","Cleethorpes,England,United Kingdom"
how_con_eng_from:Cleethorpes,14,moneysavingexpert.com,"Holiday Rentals: cheap self-catering villas, cottages - Money Saving Expert",https://www.moneysavingexpert.com/travel/cheap-holiday-rentals/,"i'm looking to book a holiday somewhere in england, how can i go about doing this","Cleethorpes,England,United Kingdom"
how_con_eng_from:Cleethorpes,15,adventurouskate.com,"Solo Female Travel in England, Scotland, and Wales - A UK Guide",https://www.adventurouskate.com/solo-female-travel-england-scotland-wales-uk-guide/,"i'm looking to book a holiday somewhere in england, how can i go about doing this","Cleethorpes,England,United Kingdom"
how_con_eng_from:Cleethorpes,16,greatvaluevacations.com,Know Before You Go: England | England Vacations,https://www.greatvaluevacations.com/travel-inspiration/know-before-you-go-england,"i'm looking to book a holiday somewhere in england, how can i go about doing this","Cleethorpes,England,United Kingdom"
how_con_eng_from:Cleethorpes,17,avila.world,Avila Travel | England and Wales tailor-made round trip,https://www.avila.world/reisbestemmingen/europa/engeland-en-wales,"i'm looking to book a holiday somewhere in england, how can i go about doing this","Cleethorpes,England,United Kingdom"
how_con_eng_from:Cleethorpes,18,travelsos.co.uk,Transport Options in the UK | Getting Around Britain,https://www.travelsos.co.uk/transport-options-in-the-uk/,"i'm looking to book a holiday somewhere in england, how can i go about doing this","Cleethorpes,England,United Kingdom"
how_con_eng_from:Cleethorpes,19,tours4fun.com,Best England Tours \u0026 UK Bus Tour Packages 2026,https://www.tours4fun.com/sp/d-england/,"i'm looking to book a holiday somewhere in england, how can i go about doing this","Cleethorpes,England,United Kingdom"
how_con_eng_from:Manchester,1,postoffice.co.uk,Do I need travel insurance for a UK break or staycation?,https://www.postoffice.co.uk/travel-insurance/guides/do-i-need-insurance-for-a-uk-break,"i'm looking to book a holiday somewhere in england, how can i go about doing this","Manchester,England,United Kingdom"
how_con_eng_from:Manchester,2,reddit.com,How do you book a holiday? : r/AskUK - Reddit,https://www.reddit.com/r/AskUK/comments/1jbzhtn/how_do_you_book_a_holiday/,"i'm looking to book a holiday somewhere in england, how can i go about doing this","Manchester,England,United Kingdom"
how_con_eng_from:Manchester,3,reddit.com,How do you book your cheap holidays? : r/AskUK - Reddit,https://www.reddit.com/r/AskUK/comments/1qdxv6x/how_do_you_book_your_cheap_holidays/,"i'm looking to book a holiday somewhere in england, how can i go about doing this","Manchester,England,United Kingdom"
how_con_eng_from:Manchester,4,youtube.com,How to Find the Best Cheap Holidays: Insider Tips \u0026 Tricks!,https://www.youtube.com/watch?v=EcKIBWddlSc&t=11,"i'm looking to book a holiday somewhere in england, how can i go about doing this","Manchester,England,United Kingdom"
how_con_eng_from:Manchester,5,tripadvisor.co.uk,Affordable holiday in uk - England Message Board - Tripadvisor,https://www.tripadvisor.co.uk/ShowTopic-g186217-i16-k14296696-Affordable_holiday_in_uk-England.html,"i'm looking to book a holiday somewhere in england, how can i go about doing this","Manchester,England,United Kingdom"
how_con_eng_from:Manchester,6,youtube.com,Booking A Holiday for £200 or Less / How To ...,https://www.youtube.com/watch?v=A4Bt2nXsIUs,"i'm looking to book a holiday somewhere in england, how can i go about doing this","Manchester,England,United Kingdom"
how_con_eng_from:Manchester,7,activeenglandtours.com,From London To… A US Traveller’s Guide to Getting Around England - Active England,https://activeenglandtours.com/stories/from-london-to-a-us-travellers-guide-to-getting-around-england/,"i'm looking to book a holiday somewhere in england, how can i go about doing this","Manchester,England,United Kingdom"
how_con_eng_from:Manchester,8,telegraph.co.uk,Is Britain the world's biggest holiday rip-off?,https://www.telegraph.co.uk/travel/destinations/europe/united-kingdom/england/is-britain-the-biggest-holiday-rip-off-in-the-world/,"i'm looking to book a holiday somewhere in england, how can i go about doing this","Manchester,England,United Kingdom"
how_con_eng_from:Manchester,9,budgetdirect.com.au,UK Travel Guide: Everything You Need to Know,https://www.budgetdirect.com.au/travel-insurance/destinations/united-kingdom/travel-guide.html,"i'm looking to book a holiday somewhere in england, how can i go about doing this","Manchester,England,United Kingdom"
how_con_eng_from:Manchester,10,avila.world,Avila Travel | England and Wales tailor-made round trip,https://www.avila.world/reisbestemmingen/europa/engeland-en-wales,"i'm looking to book a holiday somewhere in england, how can i go about doing this","Manchester,England,United Kingdom"
how_con_eng_from:Manchester,11,londonadventures.co.uk,Best UK road trips,https://londonadventures.co.uk/best-uk-road-trips/,"i'm looking to book a holiday somewhere in england, how can i go about doing this","Manchester,England,United Kingdom"
how_con_eng_from:Manchester,12,clairesitchyfeet.com,The Ultimate Guide to The Lake District Including Where to Stay,https://clairesitchyfeet.com/dest/europe/the-united-kingdom/the-lake-district/,"i'm looking to book a holiday somewhere in england, how can i go about doing this","Manchester,England,United Kingdom"
how_con_eng_from:Manchester,13,dayoutwiththekids.co.uk,Family Breaks In The UK,https://www.dayoutwiththekids.co.uk/hub/travel/family-breaks-in-the-uk,"i'm looking to book a holiday somewhere in england, how can i go about doing this","Manchester,England,United Kingdom"
how_con_eng_from:Manchester,14,visit-dorset.com,Self Catering Accommodation in Weymouth,https://www.visit-dorset.com/explore/areas-to-visit/weymouth/self-catering/,"i'm looking to book a holiday somewhere in england, how can i go about doing this","Manchester,England,United Kingdom"
how_con_eng_from:York,1,countrycottagesonline.com,Holiday Cottages in England | English Country Cottages,https://www.countrycottagesonline.com/england,"i'm looking to book a holiday somewhere in england, how can i go about doing this","York,England,United Kingdom"
how_con_eng_from:York,2,expedia.co.uk,England All inclusive Holidays 2026,https://www.expedia.co.uk/lp/theme-holidays/all-inclusive-holidays/11218/England,"i'm looking to book a holiday somewhere in england, how can i go about doing this","York,England,United Kingdom"
how_con_eng_from:York,3,expedia.co.uk,England Holidays 2026,https://www.expedia.co.uk/England.d11218.Holidays-City-Breaks,"i'm looking to book a holiday somewhere in england, how can i go about doing this","York,England,United Kingdom"
how_con_eng_from:York,4,sykescottages.co.uk,Why Book with Sykes? Comparing the Best UK Holiday Cottage Companies,https://www.sykescottages.co.uk/blog/comparing-best-uk-holiday-cottage-companies/,"i'm looking to book a holiday somewhere in england, how can i go about doing this","York,England,United Kingdom"
how_con_eng_from:York,5,breakfreeholidays.co.uk,Best UK Holiday Cottages,https://www.breakfreeholidays.co.uk/cottages,"i'm looking to book a holiday somewhere in england, how can i go about doing this","York,England,United Kingdom"
how_con_eng_from:York,6,wonderdays.co.uk,Short Breaks Experience Days,https://www.wonderdays.co.uk/experience/short-breaks,"i'm looking to book a holiday somewhere in england, how can i go about doing this","York,England,United Kingdom"
how_con_eng_from:York,7,snaptrip.com,Holiday Cottages in the UK | Self-Catering Holidays,https://www.snaptrip.com/holiday-cottages,"i'm looking to book a holiday somewhere in england, how can i go about doing this","York,England,United Kingdom"
how_con_eng_from:York,8,independenttravelcats.com,Best Vacation Rental Websites: How \u0026 Where to Book Online,https://independenttravelcats.com/best-vacation-rental-websites/,"i'm looking to book a holiday somewhere in england, how can i go about doing this","York,England,United Kingdom"
how_con_eng_from:York,9,hoseasons.co.uk,Group Holidays UK \u0026 Group Weekend Breaks Sleeping 8-42 People,https://www.hoseasons.co.uk/collections/group-holidays,"i'm looking to book a holiday somewhere in england, how can i go about doing this","York,England,United Kingdom"
how_con_eng_from:York,10,greatlittlebreaks.com,48 Hours in the Lake District,https://www.greatlittlebreaks.com/blogs/48-hours-in/48-hours-in-the-lake-district,"i'm looking to book a holiday somewhere in england, how can i go about doing this","York,England,United Kingdom"
how_con_eng_from:York,11,experienceitnowtravel.co.uk,UK Breaks,https://www.experienceitnowtravel.co.uk/uk-breaks/,"i'm looking to book a holiday somewhere in england, how can i go about doing this","York,England,United Kingdom"
how_con_eng_from:York,12,elegantresorts.co.uk,Luxury UK Staycations \u0026 UK Breaks,https://www.elegantresorts.co.uk/holiday-styles/luxury-staycations,"i'm looking to book a holiday somewhere in england, how can i go about doing this","York,England,United Kingdom"
how_con_eng_from:York,13,trackdays.co.uk,Book London Hotel Breaks | Find Hotel Deals in London | TrackDays,https://www.trackdays.co.uk/experience-days/short-breaks/london-hotel-breaks/,"i'm looking to book a holiday somewhere in england, how can i go about doing this","York,England,United Kingdom"
how_con_eng_from:York,14,wowcher.co.uk,3 night stays,https://www.wowcher.co.uk/buy/3-night-stays,"i'm looking to book a holiday somewhere in england, how can i go about doing this","York,England,United Kingdom"
how_con_eng_from:York,15,enchantingworldstravel.co.uk,UK Staycations \u0026 Holidays,https://enchantingworldstravel.co.uk/tour_destination/uk-staycations/,"i'm looking to book a holiday somewhere in england, how can i go about doing this","York,England,United Kingdom"
how_con_eng_from:York,16,hoseasons.co.uk,Family Lodge Holidays UK \u0026 Family Weekend Breaks 2026,https://www.hoseasons.co.uk/collections/family-holidays,"i'm looking to book a holiday somewhere in england, how can i go about doing this","York,England,United Kingdom"
how_con_eng_from:York,17,bw-philipburnhousehotel.co.uk,Top Family Hotels UK for Memorable Holidays,https://www.bw-philipburnhousehotel.co.uk/top-family-hotels-uk-for-memorable-holidays/,"i'm looking to book a holiday somewhere in england, how can i go about doing this","York,England,United Kingdom"
how_con_eng_from:York,18,haven.com,Self Catering Holiday Accommodation | Haven,https://www.haven.com/discover/accommodation,"i'm looking to book a holiday somewhere in england, how can i go about doing this","York,England,United Kingdom"
how_con_eng_from:York,19,haystravel.co.uk,Hays Travel: Secure Holidays 2026 / 2027,https://www.haystravel.co.uk/,"i'm looking to book a holiday somewhere in england, how can i go about doing this","York,England,United Kingdom"
how_con_eng_from:Newcastle upon Tyne,1,reddit.com,How do you book a holiday? : r/AskUK - Reddit,https://www.reddit.com/r/AskUK/comments/1jbzhtn/how_do_you_book_a_holiday/,"i'm looking to book a holiday somewhere in england, how can i go about doing this","Newcastle upon Tyne,England,United Kingdom"
how_con_eng_from:Newcastle upon Tyne,2,youtube.com,How to Find the Best Cheap Holidays: Insider Tips \u0026 Tricks!,https://www.youtube.com/watch?v=EcKIBWddlSc&t=11,"i'm looking to book a holiday somewhere in england, how can i go about doing this","Newcastle upon Tyne,England,United Kingdom"
how_con_eng_from:Newcastle upon Tyne,3,onthebeach.co.uk,Holidays from £99 | Super-Low deposits from £19pp - On The Beach,https://www.onthebeach.co.uk/holidays,"i'm looking to book a holiday somewhere in england, how can i go about doing this","Newcastle upon Tyne,England,United Kingdom"
how_con_eng_from:Newcastle upon Tyne,4,postoffice.co.uk,Do I need travel insurance for a UK break or staycation?,https://www.postoffice.co.uk/travel-insurance/guides/do-i-need-insurance-for-a-uk-break,"i'm looking to book a holiday somewhere in england, how can i go about doing this","Newcastle upon Tyne,England,United Kingdom"
how_con_eng_from:Newcastle upon Tyne,5,sykescottages.co.uk,Family Holiday Cottages UK | Sykes Holiday Cottages,https://www.sykescottages.co.uk/family-cottages.html,"i'm looking to book a holiday somewhere in england, how can i go about doing this","Newcastle upon Tyne,England,United Kingdom"
how_con_eng_from:Newcastle upon Tyne,6,wayfairertravel.com,"England, United Kingdom",https://www.wayfairertravel.com/destinations/united-kingdom/england,"i'm looking to book a holiday somewhere in england, how can i go about doing this","Newcastle upon Tyne,England,United Kingdom"
how_con_eng_from:Newcastle upon Tyne,7,beachlets.co.uk,South West England Beach Cottages | Sea View \u0026 Coastal Holidays,https://www.beachlets.co.uk/south-west-england-beach-cottages/,"i'm looking to book a holiday somewhere in england, how can i go about doing this","Newcastle upon Tyne,England,United Kingdom"
how_con_eng_from:Newcastle upon Tyne,8,sykescottages.co.uk,Cosy Holiday Cottages | Sykes Holiday Cottages,https://www.sykescottages.co.uk/cosy-cottages.html,"i'm looking to book a holiday somewhere in england, how can i go about doing this","Newcastle upon Tyne,England,United Kingdom"
how_con_eng_from:Newcastle upon Tyne,9,houst.com,How Can You Find Last Minute Bookings on Booking.com?,https://www.houst.com/blog/last-minute-booking-com,"i'm looking to book a holiday somewhere in england, how can i go about doing this","Newcastle upon Tyne,England,United Kingdom"
how_con_eng_from:Newcastle upon Tyne,10,klook.com,"Ballin’ On A Budget: 5D4N in London For Under SGD $2,000!",https://www.klook.com/en-AU/blog/budget-guide-london-uk/,"i'm looking to book a holiday somewhere in england, how can i go about doing this","Newcastle upon Tyne,England,United Kingdom"
how_con_eng_from:Newcastle upon Tyne,11,reddit.com,Hiw do i plan a multipul country holiday? : r/AskUK,https://www.reddit.com/r/AskUK/comments/1j5tpp3/hiw_do_i_plan_a_multipul_country_holiday/,"i'm looking to book a holiday somewhere in england, how can i go about doing this","Newcastle upon Tyne,England,United Kingdom"
how_con_eng_from:Newcastle upon Tyne,12,cornwallbeachguide.co.uk,Cornwall Beach Guide,https://www.cornwallbeachguide.co.uk/cornwallaccommodation.htm,"i'm looking to book a holiday somewhere in england, how can i go about doing this","Newcastle upon Tyne,England,United Kingdom"
how_con_eng_from:Newcastle upon Tyne,13,tours4fun.com,BEST United Kingdom Tours \u0026 UK Vacation Packages,https://www.tours4fun.com/sp/d-united-kingdom/,"i'm looking to book a holiday somewhere in england, how can i go about doing this","Newcastle upon Tyne,England,United Kingdom"
how_con_eng_from:Edinburgh,1,onthebeach.co.uk,Holidays from £99 | Super-Low deposits from £19pp - On The Beach,https://www.onthebeach.co.uk/holidays,"i'm looking to book a holiday somewhere in england, how can i go about doing this","Edinburgh,Scotland,United Kingdom"
how_con_eng_from:Edinburgh,2,reddit.com,How do you book your cheap holidays? : r/AskUK - Reddit,https://www.reddit.com/r/AskUK/comments/1qdxv6x/how_do_you_book_your_cheap_holidays/,"i'm looking to book a holiday somewhere in england, how can i go about doing this","Edinburgh,Scotland,United Kingdom"
how_con_eng_from:Edinburgh,3,facebook.com,How to book holidays abroad online - Facebook,https://www.facebook.com/groups/1702613000067377/posts/3602055300123128/,"i'm looking to book a holiday somewhere in england, how can i go about doing this","Edinburgh,Scotland,United Kingdom"
how_con_eng_from:Edinburgh,4,youtube.com,How to Find the Best Cheap Holidays: Insider Tips \u0026 Tricks!,https://www.youtube.com/watch?v=EcKIBWddlSc&t=11,"i'm looking to book a holiday somewhere in england, how can i go about doing this","Edinburgh,Scotland,United Kingdom"
how_con_eng_from:Edinburgh,5,sableinternational.com,Your six-point checklist for leaving the UK,https://www.sableinternational.com/blog/your-six-point-checklist-for-leaving-the-uk,"i'm looking to book a holiday somewhere in england, how can i go about doing this","Edinburgh,Scotland,United Kingdom"
how_con_eng_from:Edinburgh,6,affordabletours.com,Best England 2026 Tours visiting places like London and Windsor - Save on England Vacations,https://www.affordabletours.com/d/england/date/2026,"i'm looking to book a holiday somewhere in england, how can i go about doing this","Edinburgh,Scotland,United Kingdom"
how_con_eng_from:Edinburgh,7,holidaygems.co.uk,Holiday Gems - Find Your Dream Low Cost Holiday,https://www.holidaygems.co.uk/,"i'm looking to book a holiday somewhere in england, how can i go about doing this","Edinburgh,Scotland,United Kingdom"
how_con_eng_from:Edinburgh,8,reddit.com,How do you book a holiday? : r/AskUK - Reddit,https://www.reddit.com/r/AskUK/comments/1jbzhtn/how_do_you_book_a_holiday/,"i'm looking to book a holiday somewhere in england, how can i go about doing this","Edinburgh,Scotland,United Kingdom"
how_con_eng_from:Edinburgh,9,expedia.co.uk,England Holidays 2026,https://www.expedia.co.uk/England.d11218.Holidays-City-Breaks,"i'm looking to book a holiday somewhere in england, how can i go about doing this","Edinburgh,Scotland,United Kingdom"
how_con_eng_from:Edinburgh,10,cooptravel.co.uk,Choose a Tour Operator Holiday | Your Co-op Travel,https://www.cooptravel.co.uk/tour-operator/,"i'm looking to book a holiday somewhere in england, how can i go about doing this","Edinburgh,Scotland,United Kingdom"
how_con_eng_from:Edinburgh,11,holidaypirates.com,Last-minute UK holidays: Find last-minute staycation deals,https://www.holidaypirates.com/holidays/last-minute/uk-breaks,"i'm looking to book a holiday somewhere in england, how can i go about doing this","Edinburgh,Scotland,United Kingdom"
how_con_eng_from:Edinburgh,12,goway.com,England Private Experiences 2026/2027,https://www.goway.com/destinations/europe/england/private-experience,"i'm looking to book a holiday somewhere in england, how can i go about doing this","Edinburgh,Scotland,United Kingdom"
how_con_eng_from:Edinburgh,13,contiki.com,Top Destinations to Explore Post-Lockdown,https://www.contiki.com/six-two/article/where-can-i-go-on-holiday-post-lockdown-uk/,"i'm looking to book a holiday somewhere in england, how can i go about doing this","Edinburgh,Scotland,United Kingdom"
how_con_eng_from:Edinburgh,14,tripadvisor.co.uk,Affordable holiday in uk - England Message Board - Tripadvisor,https://www.tripadvisor.co.uk/ShowTopic-g186217-i16-k14296696-Affordable_holiday_in_uk-England.html,"i'm looking to book a holiday somewhere in england, how can i go about doing this","Edinburgh,Scotland,United Kingdom"
how_con_eng_from:Edinburgh,15,insure2drive.co.uk,Family Holiday Ideas: Creating Unforgettable Memories – Insure2Drive,https://insure2drive.co.uk/news-advice/family-holiday-ideas/,"i'm looking to book a holiday somewhere in england, how can i go about doing this","Edinburgh,Scotland,United Kingdom"
how_con_eng_from:Edinburgh,16,travelgarden.co.uk,Top UK Weekend Getaways You Can Plan in Just 48 Hours,https://travelgarden.co.uk/top-uk-weekend-getaways/,"i'm looking to book a holiday somewhere in england, how can i go about doing this","Edinburgh,Scotland,United Kingdom"
how_con_eng_from:Edinburgh,17,mybudgetbreak.com,Last Minute Hotels UK 2026 | Best Deals,https://www.mybudgetbreak.com/hotels/uk/last-minute,"i'm looking to book a holiday somewhere in england, how can i go about doing this","Edinburgh,Scotland,United Kingdom"
how_con_eng_from:Glasgow,1,tripadvisor.co.uk,Affordable holiday in uk - England Message Board - Tripadvisor,https://www.tripadvisor.co.uk/ShowTopic-g186217-i16-k14296696-Affordable_holiday_in_uk-England.html,"i'm looking to book a holiday somewhere in england, how can i go about doing this","Glasgow,Scotland,United Kingdom"
how_con_eng_from:Glasgow,2,postoffice.co.uk,Do I need travel insurance for a UK break or staycation?,https://www.postoffice.co.uk/travel-insurance/guides/do-i-need-insurance-for-a-uk-break,"i'm looking to book a holiday somewhere in england, how can i go about doing this","Glasgow,Scotland,United Kingdom"
how_con_eng_from:Glasgow,3,facebook.com,How to book holidays abroad online - Facebook,https://www.facebook.com/groups/1702613000067377/posts/3602055300123128/,"i'm looking to book a holiday somewhere in england, how can i go about doing this","Glasgow,Scotland,United Kingdom"
how_con_eng_from:Glasgow,4,holidaygems.co.uk,Holiday Gems - Find Your Dream Low Cost Holiday,https://www.holidaygems.co.uk/,"i'm looking to book a holiday somewhere in england, how can i go about doing this","Glasgow,Scotland,United Kingdom"
how_con_eng_from:Glasgow,5,reddit.com,How do you book a holiday? : r/AskUK - Reddit,https://www.reddit.com/r/AskUK/comments/1jbzhtn/how_do_you_book_a_holiday/,"i'm looking to book a holiday somewhere in england, how can i go about doing this","Glasgow,Scotland,United Kingdom"
how_con_eng_from:Glasgow,6,onthebeach.co.uk,Package Holiday Deals 2026 / 2027 from £99 | Low £19pp Deposits,https://www.onthebeach.co.uk/holidays/holiday-packages,"i'm looking to book a holiday somewhere in england, how can i go about doing this","Glasgow,Scotland,United Kingdom"
how_con_eng_from:Glasgow,7,independent.co.uk,The Complete Guide To Package Holidays | The Independent,https://www.independent.co.uk/travel/europe/the-complete-guide-to-package-holidays-561863.html,"i'm looking to book a holiday somewhere in england, how can i go about doing this","Glasgow,Scotland,United Kingdom"
how_con_eng_from:Glasgow,8,happytowander.com,30+ England Travel Tips for First Timers \u0026 Must Knows Before You Go,https://happytowander.com/england-travel-tips/,"i'm looking to book a holiday somewhere in england, how can i go about doing this","Glasgow,Scotland,United Kingdom"
how_con_scot_from:London,1,britishairways.com,Scotland holidays 2026/2027 | Book with British Airways,https://www.britishairways.com/content/holidays/scotland,"i'm looking to book a holiday somewhere in scotland, how can i go about doing this","London,England,United Kingdom"
how_con_scot_from:London,2,expedia.co.uk,Scotland Holidays 2026 | Expedia,https://www.expedia.co.uk/Scotland.d11219.Holidays-City-Breaks,"i'm looking to book a holiday somewhere in scotland, how can i go about doing this","London,England,United Kingdom"
how_con_scot_from:London,3,visitscotland.com,Visit Scotland,https://www.visitscotland.com/,"i'm looking to book a holiday somewhere in scotland, how can i go about doing this","London,England,United Kingdom"
how_con_scot_from:London,4,facebook.com,Do we need to book accommodation in advance when ...,https://www.facebook.com/groups/VisitScotland/posts/2215731635542384/,"i'm looking to book a holiday somewhere in scotland, how can i go about doing this","London,England,United Kingdom"
how_con_scot_from:London,5,facebook.com,Chances of finding last minute accommodation in Scotland in mid ...,https://www.facebook.com/groups/ScotlandTravelGroup/posts/4091449607652333/,"i'm looking to book a holiday somewhere in scotland, how can i go about doing this","London,England,United Kingdom"
how_con_scot_from:London,6,facebook.com,Has anyone used booking.com for accommodations in Scotland?,https://www.facebook.com/groups/ScotlandTravelGroup/posts/3739674162829881/,"i'm looking to book a holiday somewhere in scotland, how can i go about doing this","London,England,United Kingdom"
how_con_scot_from:London,7,nts.org.uk,Holiday accommodation | National Trust for Scotland,https://www.nts.org.uk/maps/holiday-accommodation,"i'm looking to book a holiday somewhere in scotland, how can i go about doing this","London,England,United Kingdom"
how_con_scot_from:Bristol,1,visitscotland.com,Accommodation in Scotland | VisitScotland,https://www.visitscotland.com/accommodation,"i'm looking to book a holiday somewhere in scotland, how can i go about doing this","Bristol,England,United Kingdom"
how_con_scot_from:Bristol,2,visitinvernesslochness.com,Everything You Need to Know Before Coming to Scotland,https://www.visitinvernesslochness.com/blog/everything-you-need-to-know-before-coming-to-scotland,"i'm looking to book a holiday somewhere in scotland, how can i go about doing this","Bristol,England,United Kingdom"
how_con_scot_from:Bristol,3,facebook.com,How to book accommodations in Scotland without high fees?,https://www.facebook.com/groups/VisitScotland/posts/2031278920654324/,"i'm looking to book a holiday somewhere in scotland, how can i go about doing this","Bristol,England,United Kingdom"
how_con_scot_from:Bristol,4,expedia.co.uk,Scotland Holidays 2026 - Expedia,https://www.expedia.co.uk/Scotland.d11219.Holidays-City-Breaks,"i'm looking to book a holiday somewhere in scotland, how can i go about doing this","Bristol,England,United Kingdom"
how_con_scot_from:Bristol,5,wowcher.co.uk,Night for 2 scotland,https://www.wowcher.co.uk/buy/night-for-2-scotland,"i'm looking to book a holiday somewhere in scotland, how can i go about doing this","Bristol,England,United Kingdom"
how_con_scot_from:Bristol,6,frasershospitality.com,Explore Glasgow Weekend City Breaks \u0026 Short Holidays,https://www.frasershospitality.com/en/united-kingdom/glasgow/fraser-suites-glasgow/city-guide/city-breaks-glasgow/,"i'm looking to book a holiday somewhere in scotland, how can i go about doing this","Bristol,England,United Kingdom"
how_con_scot_from:York,1,facebook.com,Do we need to pre-book accommodation in Scotland in mid- ...,https://www.facebook.com/groups/VisitScotland/posts/2100670777048471/,"i'm looking to book a holiday somewhere in scotland, how can i go about doing this","York,England,United Kingdom"
how_con_scot_from:York,2,visitscotland.com,Accommodation in Scotland | VisitScotland,https://www.visitscotland.com/accommodation,"i'm looking to book a holiday somewhere in scotland, how can i go about doing this","York,England,United Kingdom"
how_con_scot_from:York,3,facebook.com,Couple of questions. What is the best place to book package ...,https://www.facebook.com/groups/690259062576157/posts/913976820204379/,"i'm looking to book a holiday somewhere in scotland, how can i go about doing this","York,England,United Kingdom"
how_con_scot_from:York,4,checkinaway.com,Package Holidays vs. Independent Travel: Which is Right for You?,https://checkinaway.com/package-holidays-vs-independent-travel/,"i'm looking to book a holiday somewhere in scotland, how can i go about doing this","York,England,United Kingdom"
how_con_scot_from:York,5,lovetravelplanning.com,City Breaks: How To Plan A Short Trip That Works,https://www.lovetravelplanning.com/styles/city-break/,"i'm looking to book a holiday somewhere in scotland, how can i go about doing this","York,England,United Kingdom"
how_con_scot_from:York,6,nts.org.uk,Holiday accommodation - National Trust for Scotland,https://www.nts.org.uk/holiday-accommodation,"i'm looking to book a holiday somewhere in scotland, how can i go about doing this","York,England,United Kingdom"
how_con_scot_from:York,7,campsited.com,Campsites in Scotland - Book Your Outdoor Holiday,https://www.campsited.com/en/campsites-scotland/,"i'm looking to book a holiday somewhere in scotland, how can i go about doing this","York,England,United Kingdom"
how_con_scot_from:York,8,lastminute.com,Holidays from Scotland | Scottish Airports | lastminute.com,https://www.lastminute.com/holidays/from-scotland,"i'm looking to book a holiday somewhere in scotland, how can i go about doing this","York,England,United Kingdom"
how_con_scot_from:York,9,visitscotland.com,Scottish Highlands - Holidays \u0026 Breaks | VisitScotland,https://www.visitscotland.com/places-to-go/highlands,"i'm looking to book a holiday somewhere in scotland, how can i go about doing this","York,England,United Kingdom"
how_con_scot_from:York,10,absoluteescapes.com,Exploring the Scottish Highlands: A Complete Trip Planning Guide,https://www.absoluteescapes.com/blog/scotland-highland-trip-planning-guide/,"i'm looking to book a holiday somewhere in scotland, how can i go about doing this","York,England,United Kingdom"
how_con_scot_from:York,11,responsibletravel.com,Seable holidays \u0026 Seable independent reviews,https://www.responsibletravel.com/member/product.asp?member=9711,"i'm looking to book a holiday somewhere in scotland, how can i go about doing this","York,England,United Kingdom"
how_con_scot_from:York,12,nts.org.uk,Holiday accommodation | National Trust for Scotland,https://www.nts.org.uk/maps/holiday-accommodation,"i'm looking to book a holiday somewhere in scotland, how can i go about doing this","York,England,United Kingdom"
how_con_scot_from:York,13,thetimes.com,11 best tours for families,https://www.thetimes.com/travel/inspiration/tour-holidays/best-tours-for-families-hkjrd778q,"i'm looking to book a holiday somewhere in scotland, how can i go about doing this","York,England,United Kingdom"
how_con_scot_from:York,14,highlandexperience.com,"Solo Travelling in Scotland | Tips, Tours and Inspiring Routes",https://www.highlandexperience.com/blog/solo-travelling-in-scotland/,"i'm looking to book a holiday somewhere in scotland, how can i go about doing this","York,England,United Kingdom"
how_con_scot_from:York,15,lovefromscotland.co.uk,"Best Tours in Scotland: Highlands, Skye, Loch Ness \u0026 Whisky",https://www.lovefromscotland.co.uk/the-best-tours-in-scotland/,"i'm looking to book a holiday somewhere in scotland, how can i go about doing this","York,England,United Kingdom"
how_con_scot_from:Newcastle upon Tyne,1,tripadvisor.co.uk,August - do I really need to book trains and accommodation?,https://www.tripadvisor.co.uk/ShowTopic-g186485-i107-k15255479-August_do_I_really_need_to_book_trains_and_accommodation-Scotland.html,"i'm looking to book a holiday somewhere in scotland, how can i go about doing this","Newcastle upon Tyne,England,United Kingdom"
how_con_scot_from:Newcastle upon Tyne,2,easyjet.com,Scotland Holidays 2026 / 2027 - EasyJet,https://www.easyjet.com/en/holidays/united-kingdom/scotland,"i'm looking to book a holiday somewhere in scotland, how can i go about doing this","Newcastle upon Tyne,England,United Kingdom"
how_con_scot_from:Newcastle upon Tyne,3,facebook.com,Do we need to book accommodation in advance when ...,https://www.facebook.com/groups/VisitScotland/posts/2215731635542384/,"i'm looking to book a holiday somewhere in scotland, how can i go about doing this","Newcastle upon Tyne,England,United Kingdom"
how_con_scot_from:Newcastle upon Tyne,4,yourscotlandguide.co.uk,When should I book my trip to Scotland,https://www.yourscotlandguide.co.uk/2025/02/15/when-should-i-book-my-trip-to-scotland/,"i'm looking to book a holiday somewhere in scotland, how can i go about doing this","Newcastle upon Tyne,England,United Kingdom"
how_con_scot_from:Newcastle upon Tyne,5,cottages-and-castles.co.uk,Top Happiest Holiday Destinations In Scotland,https://www.cottages-and-castles.co.uk/guides/top-holiday-destinations-in-scotland,"i'm looking to book a holiday somewhere in scotland, how can i go about doing this","Newcastle upon Tyne,England,United Kingdom"
how_con_scot_from:Newcastle upon Tyne,6,lastminute.com,Cheap Scotland Holidays 2026/2027 | Deals from £160,https://www.lastminute.com/holidays/gb_united-kingdom/scotland-r3916087,"i'm looking to book a holiday somewhere in scotland, how can i go about doing this","Newcastle upon Tyne,England,United Kingdom"
how_con_scot_from:Newcastle upon Tyne,7,britishairways.com,Scotland holidays 2026/2027 | Book with British Airways,https://www.britishairways.com/content/holidays/scotland,"i'm looking to book a holiday somewhere in scotland, how can i go about doing this","Newcastle upon Tyne,England,United Kingdom"
how_con_scot_from:Newcastle upon Tyne,8,visitscotland.com,Affordable and Budget-Friendly Holidays in Scotland | VisitScotland,https://www.visitscotland.com/things-to-do/cheap-budget,"i'm looking to book a holiday somewhere in scotland, how can i go about doing this","Newcastle upon Tyne,England,United Kingdom"
how_con_scot_from:Newcastle upon Tyne,9,visitscotland.com,Summer Holidays \u0026 Breaks in Scotland | VisitScotland,https://www.visitscotland.com/travel-planning/when-to-visit/summer,"i'm looking to book a holiday somewhere in scotland, how can i go about doing this","Newcastle upon Tyne,England,United Kingdom"
how_con_scot_from:Newcastle upon Tyne,10,booking.com,Holiday Rentals in Scotland - Booking.com,https://www.booking.com/booking-home/region/gb/scotland.en-gb.html,"i'm looking to book a holiday somewhere in scotland, how can i go about doing this","Newcastle upon Tyne,England,United Kingdom"
how_con_scot_from:Newcastle upon Tyne,11,nts.org.uk,Holiday accommodation | National Trust for Scotland,https://www.nts.org.uk/maps/holiday-accommodation,"i'm looking to book a holiday somewhere in scotland, how can i go about doing this","Newcastle upon Tyne,England,United Kingdom"
how_con_scot_from:Newcastle upon Tyne,12,expedia.co.uk,Scotland Holidays 2026 | Expedia,https://www.expedia.co.uk/Scotland.d11219.Holidays-City-Breaks,"i'm looking to book a holiday somewhere in scotland, how can i go about doing this","Newcastle upon Tyne,England,United Kingdom"
how_con_scot_from:Newcastle upon Tyne,13,wayfaringkiwi.com,50 Scotland Travel Tips For Travel in 2026 – Wayfaring Kiwi,https://www.wayfaringkiwi.com/scotland-travel-tips/,"i'm looking to book a holiday somewhere in scotland, how can i go about doing this","Newcastle upon Tyne,England,United Kingdom"
how_con_scot_from:Newcastle upon Tyne,14,nts.org.uk,10 scenic stays for nature lovers,https://www.nts.org.uk/stories/10-scenic-stays-for-nature-lovers,"i'm looking to book a holiday somewhere in scotland, how can i go about doing this","Newcastle upon Tyne,England,United Kingdom"
how_con_scot_from:Newcastle upon Tyne,15,holidaycottages.co.uk,The best National Trust places to visit in Scotland | holidaycottages.co.uk,https://www.holidaycottages.co.uk/blog/national-trust-scotland,"i'm looking to book a holiday somewhere in scotland, how can i go about doing this","Newcastle upon Tyne,England,United Kingdom"
how_con_scot_from:Newcastle upon Tyne,16,visitscotland.com,Travel from England \u0026 Wales to Scotland,https://www.visitscotland.com/travel-planning/travel-from-england-wales,"i'm looking to book a holiday somewhere in scotland, how can i go about doing this","Newcastle upon Tyne,England,United Kingdom"
how_con_scot_from:Newcastle upon Tyne,17,visitscotland.com,Getting around Scotland by train | VisitScotland,https://www.visitscotland.com/travel-planning/railway,"i'm looking to book a holiday somewhere in scotland, how can i go about doing this","Newcastle upon Tyne,England,United Kingdom"
how_con_scot_from:Newcastle upon Tyne,18,chevening.org,Travel during your Chevening year,https://www.chevening.org/resource-hub/scholar-support/travel-during-award/,"i'm looking to book a holiday somewhere in scotland, how can i go about doing this","Newcastle upon Tyne,England,United Kingdom"
how_con_scot_from:Newcastle upon Tyne,19,facebook.com,What are the experiences and tips for traveling by train in Scotland?,https://www.facebook.com/groups/ScotlandTravelGroup/posts/3707780956019202/,"i'm looking to book a holiday somewhere in scotland, how can i go about doing this","Newcastle upon Tyne,England,United Kingdom"
how_con_scot_from:Newcastle upon Tyne,20,kiltmankilts.com,Travel Tips for Scotland: Where Kilts Were Born!,https://kiltmankilts.com/blogs/news/travel-tips-for-scotland-wear-kilts-were-born?srsltid=AfmBOoqoP9Efrm1wI4oke52lRchat6yYB3evBCk67sU9431ruEZDpTwg,"i'm looking to book a holiday somewhere in scotland, how can i go about doing this","Newcastle upon Tyne,England,United Kingdom"
how_con_scot_from:Newcastle upon Tyne,21,youtube.com,Family Trip To SCOTLAND: How Much $$$ We Spent,https://www.youtube.com/shorts/eAbJFIi-kP8,"i'm looking to book a holiday somewhere in scotland, how can i go about doing this","Newcastle upon Tyne,England,United Kingdom"
how_con_scot_from:Newcastle upon Tyne,22,fortwilliam.co.uk,"Ferries, busses and taxis to help you get around the Highlands.",https://fortwilliam.co.uk/listing_cat/transport/,"i'm looking to book a holiday somewhere in scotland, how can i go about doing this","Newcastle upon Tyne,England,United Kingdom"
how_con_scot_from:Newcastle upon Tyne,23,erringtonfamilyadventures.com,Scottish Island Hopping Itinerary: 5 stunning islands in 10 days!,http://www.erringtonfamilyadventures.com/2025/08/scottish-island-hopping-itinerary-5.html,"i'm looking to book a holiday somewhere in scotland, how can i go about doing this","Newcastle upon Tyne,England,United Kingdom"
how_con_scot_from:Newcastle upon Tyne,24,ebookers.ie,Scotland Holiday Deals 2026: Package \u0026 Save | ebookers,https://www.ebookers.ie/Scotland-Holidays.d11219.Destination-Travel-Guides,"i'm looking to book a holiday somewhere in scotland, how can i go about doing this","Newcastle upon Tyne,England,United Kingdom"
how_con_scot_from:Newcastle upon Tyne,25,expedia.co.uk,10 TOP Things to Do in Loch Ness June 2026,https://www.expedia.co.uk/Things-To-Do-In-Loch-Ness.d6054580.Travel-Guide-Activities,"i'm looking to book a holiday somewhere in scotland, how can i go about doing this","Newcastle upon Tyne,England,United Kingdom"
how_con_scot_from:Edinburgh,1,visitscotland.com,Accommodation in Scotland | VisitScotland,https://www.visitscotland.com/accommodation,"i'm looking to book a holiday somewhere in scotland, how can i go about doing this","Edinburgh,Scotland,United Kingdom"
how_con_scot_from:Edinburgh,2,visitscotland.com,Visit Scotland,https://www.visitscotland.com/,"i'm looking to book a holiday somewhere in scotland, how can i go about doing this","Edinburgh,Scotland,United Kingdom"
how_con_scot_from:Edinburgh,3,expedia.co.uk,Scotland Holidays 2026 | Expedia,https://www.expedia.co.uk/Scotland.d11219.Holidays-City-Breaks,"i'm looking to book a holiday somewhere in scotland, how can i go about doing this","Edinburgh,Scotland,United Kingdom"
how_con_scot_from:Edinburgh,4,yourscotlandguide.co.uk,When should I book my trip to Scotland ? | Your Scotland Guide,https://www.yourscotlandguide.co.uk/2025/02/15/when-should-i-book-my-trip-to-scotland/,"i'm looking to book a holiday somewhere in scotland, how can i go about doing this","Edinburgh,Scotland,United Kingdom"
how_con_scot_from:Edinburgh,5,facebook.com,How to book accommodations in Scotland without high fees?,https://www.facebook.com/groups/VisitScotland/posts/2031278920654324/,"i'm looking to book a holiday somewhere in scotland, how can i go about doing this","Edinburgh,Scotland,United Kingdom"
how_con_scot_from:Edinburgh,6,nts.org.uk,Holiday accommodation | National Trust for Scotland,https://www.nts.org.uk/maps/holiday-accommodation,"i'm looking to book a holiday somewhere in scotland, how can i go about doing this","Edinburgh,Scotland,United Kingdom"
how_con_scot_from:Edinburgh,7,britishairways.com,Scotland holidays 2026/2027 | Book with British Airways,https://www.britishairways.com/content/holidays/scotland,"i'm looking to book a holiday somewhere in scotland, how can i go about doing this","Edinburgh,Scotland,United Kingdom"
how_con_scot_from:Edinburgh,8,visitscotland.com,Summer Holidays \u0026 Breaks in Scotland | VisitScotland,https://www.visitscotland.com/travel-planning/when-to-visit/summer,"i'm looking to book a holiday somewhere in scotland, how can i go about doing this","Edinburgh,Scotland,United Kingdom"
how_con_scot_from:Edinburgh,9,facebook.com,Chances of finding last minute accommodation in Scotland in mid ...,https://www.facebook.com/groups/ScotlandTravelGroup/posts/4091449607652333/,"i'm looking to book a holiday somewhere in scotland, how can i go about doing this","Edinburgh,Scotland,United Kingdom"
how_con_scot_from:Edinburgh,10,roughguides.com,How to plan a trip to Scotland: the best itinerary planner,https://www.roughguides.com/scotland/how-to-plan-a-trip/,"i'm looking to book a holiday somewhere in scotland, how can i go about doing this","Edinburgh,Scotland,United Kingdom"
how_con_scot_from:Edinburgh,11,discoverscotland.net,Activities and Experiences When Staying at a Holiday Cottage,https://www.discoverscotland.net/activities-and-experiences-when-staying-at-a-holiday-cottage/,"i'm looking to book a holiday somewhere in scotland, how can i go about doing this","Edinburgh,Scotland,United Kingdom"
how_con_scot_from:Edinburgh,12,nomadicscotland.com,10 Night Hebridean Island Hopping,https://www.nomadicscotland.com/itineraries/10-night-trails/10-nights-hebridean-island-hopping/,"i'm looking to book a holiday somewhere in scotland, how can i go about doing this","Edinburgh,Scotland,United Kingdom"
how_con_scot_from:Edinburgh,13,cottages-and-castles.co.uk,The Complete Guide to the Scottish Highlands,https://www.cottages-and-castles.co.uk/guides/guide-scottish-highlands,"i'm looking to book a holiday somewhere in scotland, how can i go about doing this","Edinburgh,Scotland,United Kingdom"
how_con_scot_from:Edinburgh,14,facebook.com,Has anyone used booking.com for accommodations in Scotland?,https://www.facebook.com/groups/ScotlandTravelGroup/posts/3739674162829881/,"i'm looking to book a holiday somewhere in scotland, how can i go about doing this","Edinburgh,Scotland,United Kingdom"
how_con_scot_from:Edinburgh,15,rexby.com,"APPS you need for any trip to Scotland by Annabel Wilson - Scotland, United Kingdom",https://www.rexby.com/anzafromtheglen/t/travel-smoothly-apps-you-will-need-for-your-scottish-holiday,"i'm looking to book a holiday somewhere in scotland, how can i go about doing this","Edinburgh,Scotland,United Kingdom"
how_con_scot_from:Edinburgh,16,travelinescotland.com,Traveline Scotland app,https://www.travelinescotland.com/cms/page/app,"i'm looking to book a holiday somewhere in scotland, how can i go about doing this","Edinburgh,Scotland,United Kingdom"
how_con_scot_from:Edinburgh,17,roughguides.com,7 Days in Scotland Itinerary For First Timers,https://www.roughguides.com/scotland/itineraries/,"i'm looking to book a holiday somewhere in scotland, how can i go about doing this","Edinburgh,Scotland,United Kingdom"
how_con_scot_from:Inverness,1,visitscotland.com,Accommodation in Scotland | VisitScotland,https://www.visitscotland.com/accommodation,"i'm looking to book a holiday somewhere in scotland, how can i go about doing this","Inverness,Scotland,United Kingdom"
how_con_scot_from:Inverness,2,yourscotlandguide.co.uk,When should I book my trip to Scotland ? | Your Scotland Guide,https://www.yourscotlandguide.co.uk/2025/02/15/when-should-i-book-my-trip-to-scotland/,"i'm looking to book a holiday somewhere in scotland, how can i go about doing this","Inverness,Scotland,United Kingdom"
how_con_scot_from:Inverness,3,visitscotland.com,Visit Scotland,https://www.visitscotland.com/,"i'm looking to book a holiday somewhere in scotland, how can i go about doing this","Inverness,Scotland,United Kingdom"
how_con_scot_from:Inverness,4,expedia.co.uk,Scotland Holidays 2026 | Expedia,https://www.expedia.co.uk/Scotland.d11219.Holidays-City-Breaks,"i'm looking to book a holiday somewhere in scotland, how can i go about doing this","Inverness,Scotland,United Kingdom"
how_con_scot_from:Inverness,5,visitscotland.com,Affordable and Budget-Friendly Holidays in Scotland | VisitScotland,https://www.visitscotland.com/things-to-do/cheap-budget,"i'm looking to book a holiday somewhere in scotland, how can i go about doing this","Inverness,Scotland,United Kingdom"
how_con_scot_from:Inverness,6,loveholidays.com,Scotland Holidays | ATOL Protected 2026/2027 | loveholidays,https://www.loveholidays.com/holidays/scotland-holidays.html,"i'm looking to book a holiday somewhere in scotland, how can i go about doing this","Inverness,Scotland,United Kingdom"
how_con_scot_from:Inverness,7,britishairways.com,Scotland holidays 2026/2027 | Book with British Airways,https://www.britishairways.com/content/holidays/scotland,"i'm looking to book a holiday somewhere in scotland, how can i go about doing this","Inverness,Scotland,United Kingdom"
how_con_scot_from:Inverness,8,cottages.com,Holiday Cottages in Scotland | Scotland Self-Catering Cottages,https://www.cottages.com/scotland,"i'm looking to book a holiday somewhere in scotland, how can i go about doing this","Inverness,Scotland,United Kingdom"
how_con_scot_from:Inverness,9,vrbo.com,"Scotland Vacation Rentals, United Kingdom: house rentals \u0026 more",https://www.vrbo.com/vacation-rentals/europe/scotland,"i'm looking to book a holiday somewhere in scotland, how can i go about doing this","Inverness,Scotland,United Kingdom"
how_con_scot_from:Inverness,10,scotland-holiday-cottage.com,Scottish self-catering holiday cottages in Highlands Scotland,https://www.scotland-holiday-cottage.com/highlands/index.htm,"i'm looking to book a holiday somewhere in scotland, how can i go about doing this","Inverness,Scotland,United Kingdom"
how_con_scot_from:Inverness,11,ukcaravans4hire.com,The Best Holiday Destinations in Scotland - UKcaravans4hire,https://www.ukcaravans4hire.com/blog/where-to-holiday-in-scotland/,"i'm looking to book a holiday somewhere in scotland, how can i go about doing this","Inverness,Scotland,United Kingdom"
how_con_scot_from:Inverness,12,facebook.com,Chances of finding last minute accommodation in Scotland in mid ...,https://www.facebook.com/groups/ScotlandTravelGroup/posts/4091449607652333/,"i'm looking to book a holiday somewhere in scotland, how can i go about doing this","Inverness,Scotland,United Kingdom"
how_con_scot_from:Inverness,13,nts.org.uk,Holiday accommodation | National Trust for Scotland,https://www.nts.org.uk/maps/holiday-accommodation,"i'm looking to book a holiday somewhere in scotland, how can i go about doing this","Inverness,Scotland,United Kingdom"
how_con_scot_from:Glasgow,1,visitscotland.com,Accommodation in Scotland | VisitScotland,https://www.visitscotland.com/accommodation,"i'm looking to book a holiday somewhere in scotland, how can i go about doing this","Glasgow,Scotland,United Kingdom"
how_con_scot_from:Glasgow,2,facebook.com,Do we need to book accommodation in advance when ...,https://www.facebook.com/groups/VisitScotland/posts/2215731635542384/,"i'm looking to book a holiday somewhere in scotland, how can i go about doing this","Glasgow,Scotland,United Kingdom"
how_con_scot_from:Glasgow,3,facebook.com,How to book accommodations in Scotland without high fees?,https://www.facebook.com/groups/VisitScotland/posts/2031278920654324/,"i'm looking to book a holiday somewhere in scotland, how can i go about doing this","Glasgow,Scotland,United Kingdom"
how_con_scot_from:Glasgow,4,interskiholidays.co.uk,How to Plan a Stress-light Holiday From Scratch,https://www.interskiholidays.co.uk/blog/plan-a-stress-light-holiday,"i'm looking to book a holiday somewhere in scotland, how can i go about doing this","Glasgow,Scotland,United Kingdom"
how_con_scot_from:Glasgow,5,remitly.com,Living in Scotland: A Guide for New Zealanders,https://www.remitly.com/blog/en-nz/lifestyle-culture/living-in-scotland/,"i'm looking to book a holiday somewhere in scotland, how can i go about doing this","Glasgow,Scotland,United Kingdom"
how_con_scot_from:Glasgow,6,scotlandswild.com,Day Tours from Glasgow Scotland,https://www.scotlandswild.com/scotland-day-tours-departing-from-glasgow,"i'm looking to book a holiday somewhere in scotland, how can i go about doing this","Glasgow,Scotland,United Kingdom"
how_con_scot_from:Glasgow,7,visitscotland.com,Affordable and Budget-Friendly Holidays in Scotland | VisitScotland,https://www.visitscotland.com/things-to-do/cheap-budget,"i'm looking to book a holiday somewhere in scotland, how can i go about doing this","Glasgow,Scotland,United Kingdom"
how_con_scot_from:Glasgow,8,lovefromscotland.co.uk,Weekend Breaks in Scotland: 8 Best Long Weekend Trips (2026),https://www.lovefromscotland.co.uk/weekend-breaks-in-scotland/,"i'm looking to book a holiday somewhere in scotland, how can i go about doing this","Glasgow,Scotland,United Kingdom"
how_con_scot_from:Glasgow,9,lonelyplanet.com,The 13 best things to do in Scotland,https://www.lonelyplanet.com/articles/top-things-to-do-in-scotland,"i'm looking to book a holiday somewhere in scotland, how can i go about doing this","Glasgow,Scotland,United Kingdom"
how_con_scot_from:Glasgow,10,gostandrews.org,Day Trips,https://www.gostandrews.org/day-trips/,"i'm looking to book a holiday somewhere in scotland, how can i go about doing this","Glasgow,Scotland,United Kingdom"
how_con_scot_from:Glasgow,11,undiscoveredscotland.co.uk,Late Availability: This Month,https://www.undiscoveredscotland.co.uk/lateavailability.html,"i'm looking to book a holiday somewhere in scotland, how can i go about doing this","Glasgow,Scotland,United Kingdom"
how_con_scot_from:Glasgow,12,facebook.com,Has anyone used booking.com for accommodations in Scotland?,https://www.facebook.com/groups/ScotlandTravelGroup/posts/3739674162829881/,"i'm looking to book a holiday somewhere in scotland, how can i go about doing this","Glasgow,Scotland,United Kingdom"
how_con_scot_from:Glasgow,13,travel-a-broads.com,5 Days in Edinburgh: The Perfect Itinerary (With 2 Incredible Day Trips),https://travel-a-broads.com/the-best-places-to-visit-in-and-around-edinburgh/,"i'm looking to book a holiday somewhere in scotland, how can i go about doing this","Glasgow,Scotland,United Kingdom"
how_con_scot_from:Glasgow,14,scotlandswild.com,Edinburgh to Loch Ness Day Tour,https://www.scotlandswild.com/our-scotland-group-tours/loch-ness-and-scottish-highlands-1-day-guided-group-tour-departing-edinburgh,"i'm looking to book a holiday somewhere in scotland, how can i go about doing this","Glasgow,Scotland,United Kingdom"
how_con_scot_from:Glasgow,15,facebook.com,1 Week Scotland Itinerary with Kids I spent a week in Scotland with my oldest daughter for her 11th birthday trip. Here’s what we did! Day 1: Arrive in Edinburgh around n | A Mom Explores,https://www.facebook.com/amomexplores/videos/1-week-scotland-itinerary-with-kidsi-spent-a-week-in-scotland-with-my-oldest-dau/1941573849731102/,"i'm looking to book a holiday somewhere in scotland, how can i go about doing this","Glasgow,Scotland,United Kingdom"
how_con_scot_from:Glasgow,16,facebook.com,What small city or town in Scotland is best to stay in for a week and make day trips from?,https://www.facebook.com/groups/VisitScotland/posts/2249832302132317/,"i'm looking to book a holiday somewhere in scotland, how can i go about doing this","Glasgow,Scotland,United Kingdom"
